product_id,product_name,category,product_type,brand,price_myr,description,frame_material,frame_shape,frame_color,gender,uv_protection,polarized,lens_color,frame_style,lens_type,lens_feature,lens_duration,multifocal,store_location,city,stock_status,rating,bestseller,new_arrival
P0001,Gucci Premium Frame 1,Frames,Designer Frames,Dior,484.69,Designer eyewear frame crafted with premium materials,acetate,round,brown,men,no,no,anti-reflective clear,round,bifocal,anti-reflective coating,1 year,yes,Aeon Mall Nilai,Nilai,in_stock,4.0,yes,yes
P0002,Bausch & Lomb Premium Frame 2,Frames,Designer Frames,Burberry,743.81,Designer eyewear frame crafted with premium materials,titanium,cat-eye,silver,men,no,no,clear,round,plano,anti-reflective + blue light,1 year,no,Aeon Mall Nilai,Nilai,low_stock,4.7,yes,yes
P0003,Oakley Premium Frame 3,Frames,Designer Frames,Dior,435.51,Designer eyewear frame crafted with premium materials,metal,round,black,women,no,no,anti-reflective clear,aviator,progressive,UV coating,2 years,yes,Mitsui Outlet Park,Sepang,low_stock,4.8,no,yes
P0004,Bausch & Lomb Premium Frame 4,Frames,Designer Frames,Bottega Veneta,885.21,Designer eyewear frame crafted with premium materials,metal,round,brown,women,no,no,light tint,square,single vision,blue light protection,2 years,no,Mitsui Outlet Park,Sepang,in_stock,4.6,yes,yes
P0005,Cartier Premium Frame 5,Frames,Designer Frames,Versace,826.57,Designer eyewear frame crafted with premium materials,metal,aviator,silver,unisex,no,no,clear,square,single vision,scratch-resistant,1 year,no,Melawati Mall,Kuala Lumpur,in_stock,4.3,yes,no
P0006,Tom Ford Premium Frame 6,Frames,Designer Frames,Bausch & Lomb,751.02,Designer eyewear frame crafted with premium materials,acetate,rectangle,silver,women,no,no,blue light filter clear,oversized,single vision,anti-reflective coating,2 years,no,Aeon Mall Nilai,Nilai,low_stock,4.8,yes,yes
P0007,Oakley Premium Frame 7,Frames,Designer Frames,Gentle Monster,497.26,Designer eyewear frame crafted with premium materials,acetate,cat-eye,tortoise,men,no,no,anti-reflective clear,round,single vision,scratch-resistant,1 year,no,Aeon Mall Nilai,Nilai,low_stock,4.8,no,yes
P0008,Prada Premium Frame 8,Frames,Designer Frames,Versace,759.74,Designer eyewear frame crafted with premium materials,titanium,aviator,brown,women,no,no,anti-reflective clear,round,progressive,anti-reflective coating,1 year,yes,Melawati Mall,Kuala Lumpur,low_stock,4.2,yes,no
P0009,Saint Laurent Premium Frame 9,Frames,Designer Frames,Bottega Veneta,434.06,Designer eyewear frame crafted with premium materials,acetate,rectangle,brown,men,no,no,clear,round,single vision,photochromic,2 years,no,Aeon Mall Nilai,Nilai,low_stock,4.5,no,no
P0010,Bottega Veneta Premium Frame 10,Frames,Designer Frames,Bausch & Lomb,762.98,Designer eyewear frame crafted with premium materials,titanium,aviator,black,women,no,no,clear,round,progressive,anti-reflective coating,1 year,yes,Aeon Mall Nilai,Nilai,in_stock,4.4,no,yes
P0011,RayBan Premium Frame 11,Frames,Designer Frames,Acuvue,684.93,Designer eyewear frame crafted with premium materials,acetate,aviator,gold,unisex,no,no,clear,aviator,progressive,blue light protection,1 year,yes,Aeon Mall Nilai,Nilai,low_stock,4.4,yes,no
P0012,Versace Premium Frame 12,Frames,Designer Frames,Saint Laurent,482.48,Designer eyewear frame crafted with premium materials,titanium,round,black,unisex,no,no,blue light filter clear,round,progressive,anti-reflective + blue light,1 year,yes,Melawati Mall,Kuala Lumpur,in_stock,4.9,yes,yes
P0013,Bausch & Lomb Premium Frame 13,Frames,Designer Frames,Tom Ford,495.78,Designer eyewear frame crafted with premium materials,titanium,rectangle,gold,unisex,no,no,light tint,oversized,single vision,blue light protection,2 years,no,Mitsui Outlet Park,Sepang,low_stock,4.4,no,no
P0014,Bottega Veneta Premium Frame 14,Frames,Designer Frames,Versace,473.58,Designer eyewear frame crafted with premium materials,metal,round,brown,unisex,no,no,anti-reflective clear,oversized,plano,blue light protection,2 years,no,Mitsui Outlet Park,Sepang,in_stock,4.0,yes,yes
P0015,Saint Laurent Premium Frame 15,Frames,Designer Frames,Oakley,388.97,Designer eyewear frame crafted with premium materials,acetate,aviator,silver,men,no,no,clear,oversized,bifocal,anti-reflective coating,2 years,yes,Aeon Mall Nilai,Nilai,low_stock,4.2,no,no
P0016,Bottega Veneta Premium Frame 16,Frames,Designer Frames,Bottega Veneta,712.44,Designer eyewear frame crafted with premium materials,metal,rectangle,silver,women,no,no,clear,aviator,bifocal,UV coating,1 year,yes,Lalaport Bukit Bintang,Kuala Lumpur,in_stock,4.1,no,yes
P0017,Burberry Premium Frame 17,Frames,Designer Frames,Burberry,644.96,Designer eyewear frame crafted with premium materials,acetate,rectangle,gold,women,no,no,light tint,round,single vision,scratch-resistant,1 year,no,Lalaport Bukit Bintang,Kuala Lumpur,in_stock,4.8,yes,no
P0018,Saint Laurent Premium Frame 18,Frames,Designer Frames,Bausch & Lomb,809.82,Designer eyewear frame crafted with premium materials,acetate,square,gold,women,no,no,clear,round,single vision,hydrophobic coating,2 years,no,Aeon Mall Nilai,Nilai,low_stock,4.2,no,yes
P0019,Gentle Monster Premium Frame 19,Frames,Designer Frames,Gucci,891.92,Designer eyewear frame crafted with premium materials,metal,rectangle,tortoise,women,no,no,anti-reflective clear,round,plano,anti-reflective coating,1 year,no,Lalaport Bukit Bintang,Kuala Lumpur,in_stock,4.2,yes,yes
P0020,Oakley Premium Frame 20,Frames,Designer Frames,Saint Laurent,377.58,Designer eyewear frame crafted with premium materials,metal,cat-eye,brown,men,no,no,light tint,aviator,single vision,anti-reflective coating,2 years,no,Aeon Mall Nilai,Nilai,in_stock,4.8,yes,yes
P0021,Gentle Monster Premium Frame 21,Frames,Designer Frames,Bottega Veneta,867.88,Designer eyewear frame crafted with premium materials,titanium,square,brown,unisex,no,no,anti-reflective clear,aviator,single vision,blue light protection,2 years,no,Lalaport Bukit Bintang,Kuala Lumpur,in_stock,4.4,no,no
P0022,Oakley Premium Frame 22,Frames,Designer Frames,Versace,496.09,Designer eyewear frame crafted with premium materials,acetate,aviator,silver,women,no,no,clear,aviator,progressive,photochromic,1 year,yes,Lalaport Bukit Bintang,Kuala Lumpur,in_stock,4.4,yes,yes
P0023,Acuvue Premium Frame 23,Frames,Designer Frames,Dior,422.85,Designer eyewear frame crafted with premium materials,metal,round,gold,women,no,no,blue light filter clear,square,progressive,hydrophobic coating,2 years,yes,Lalaport Bukit Bintang,Kuala Lumpur,in_stock,4.4,no,yes
P0024,Bottega Veneta Premium Frame 24,Frames,Designer Frames,Prada,495.46,Designer eyewear frame crafted with premium materials,acetate,cat-eye,gold,women,no,no,anti-reflective clear,square,plano,UV coating,1 year,no,Melawati Mall,Kuala Lumpur,in_stock,4.6,yes,no
P0025,Dior Premium Frame 25,Frames,Designer Frames,Saint Laurent,400.76,Designer eyewear frame crafted with premium materials,metal,aviator,black,men,no,no,anti-reflective clear,square,single vision,photochromic,1 year,no,Mitsui Outlet Park,Sepang,in_stock,4.6,no,yes
P0026,Bausch & Lomb Premium Frame 26,Frames,Designer Frames,Oliver Peoples,658.5,Designer eyewear frame crafted with premium materials,acetate,round,gold,unisex,no,no,clear,aviator,plano,anti-reflective coating,2 years,no,Mitsui Outlet Park,Sepang,low_stock,4.5,yes,no
P0027,Saint Laurent Premium Frame 27,Frames,Designer Frames,RayBan,550.56,Designer eyewear frame crafted with premium materials,acetate,aviator,gold,unisex,no,no,clear,oversized,single vision,anti-reflective + blue light,1 year,no,Lalaport Bukit Bintang,Kuala Lumpur,in_stock,4.3,no,yes
P0028,Tom Ford Premium Frame 28,Frames,Designer Frames,Tom Ford,834.78,Designer eyewear frame crafted with premium materials,acetate,square,tortoise,women,no,no,clear,oversized,progressive,anti-reflective coating,2 years,yes,Lalaport Bukit Bintang,Kuala Lumpur,low_stock,4.1,yes,no
P0029,Projekt Produkt Premium Frame 29,Frames,Designer Frames,Versace,459.77,Designer eyewear frame crafted with premium materials,metal,aviator,tortoise,men,no,no,clear,oversized,progressive,blue light protection,2 years,yes,Aeon Mall Nilai,Nilai,in_stock,4.6,no,no
P0030,Cartier Premium Frame 30,Frames,Designer Frames,Dior,543.13,Designer eyewear frame crafted with premium materials,titanium,rectangle,brown,women,no,no,light tint,aviator,single vision,anti-reflective coating,2 years,no,Melawati Mall,Kuala Lumpur,in_stock,4.8,no,yes
P0031,Saint Laurent Premium Frame 31,Frames,Designer Frames,Bottega Veneta,678.11,Designer eyewear frame crafted with premium materials,metal,aviator,silver,unisex,no,no,anti-reflective clear,aviator,single vision,blue light protection,2 years,no,Melawati Mall,Kuala Lumpur,low_stock,4.8,yes,no
P0032,Oliver Peoples Premium Frame 32,Frames,Designer Frames,Gucci,635.96,Designer eyewear frame crafted with premium materials,titanium,square,tortoise,women,no,no,blue light filter clear,aviator,single vision,blue light protection,1 year,no,Aeon Mall Nilai,Nilai,low_stock,4.6,yes,no
P0033,Oliver Peoples Premium Frame 33,Frames,Designer Frames,Oakley,571.32,Designer eyewear frame crafted with premium materials,metal,cat-eye,gold,men,no,no,clear,round,plano,blue light protection,1 year,no,Melawati Mall,Kuala Lumpur,low_stock,4.6,yes,no
P0034,Bausch & Lomb Premium Frame 34,Frames,Designer Frames,Gucci,517.13,Designer eyewear frame crafted with premium materials,acetate,rectangle,brown,unisex,no,no,clear,square,progressive,anti-reflective coating,2 years,yes,Mitsui Outlet Park,Sepang,low_stock,4.4,yes,no
P0035,Cartier Premium Frame 35,Frames,Designer Frames,RayBan,633.5,Designer eyewear frame crafted with premium materials,titanium,cat-eye,tortoise,men,no,no,clear,oversized,plano,UV coating,2 years,no,Lalaport Bukit Bintang,Kuala Lumpur,low_stock,4.2,yes,yes
P0036,Saint Laurent Premium Frame 36,Frames,Designer Frames,Versace,891.16,Designer eyewear frame crafted with premium materials,titanium,round,silver,women,no,no,clear,oversized,plano,anti-reflective coating,1 year,no,Aeon Mall Nilai,Nilai,low_stock,4.4,yes,yes
P0037,Bottega Veneta Premium Frame 37,Frames,Designer Frames,Oliver Peoples,470.36,Designer eyewear frame crafted with premium materials,titanium,cat-eye,silver,men,no,no,clear,oversized,progressive,anti-reflective coating,1 year,yes,Aeon Mall Nilai,Nilai,in_stock,4.4,no,no
P0038,Acuvue Premium Frame 38,Frames,Designer Frames,Oliver Peoples,806.81,Designer eyewear frame crafted with premium materials,titanium,rectangle,gold,unisex,no,no,clear,round,bifocal,hydrophobic coating,1 year,yes,Mitsui Outlet Park,Sepang,low_stock,4.2,yes,no
P0039,Versace Premium Frame 39,Frames,Designer Frames,Dior,591.93,Designer eyewear frame crafted with premium materials,titanium,aviator,gold,women,no,no,clear,square,single vision,UV coating,1 year,no,Mitsui Outlet Park,Sepang,low_stock,4.8,yes,yes
P0040,Versace Premium Frame 40,Frames,Designer Frames,Gentle Monster,731.67,Designer eyewear frame crafted with premium materials,titanium,square,black,women,no,no,light tint,round,single vision,photochromic,2 years,no,Lalaport Bukit Bintang,Kuala Lumpur,low_stock,4.5,no,yes
P0041,Oliver Peoples Premium Frame 41,Frames,Designer Frames,Gentle Monster,847.66,Designer eyewear frame crafted with premium materials,titanium,round,brown,women,no,no,clear,round,plano,anti-reflective coating,1 year,no,Lalaport Bukit Bintang,Kuala Lumpur,in_stock,4.8,no,no
P0042,Bausch & Lomb Premium Frame 42,Frames,Designer Frames,Bausch & Lomb,789.93,Designer eyewear frame crafted with premium materials,acetate,rectangle,gold,women,no,no,anti-reflective clear,round,bifocal,anti-reflective + blue light,2 years,yes,Mitsui Outlet Park,Sepang,low_stock,4.0,no,no
P0043,Bossini Premium Frame 43,Frames,Designer Frames,Prada,889.4,Designer eyewear frame crafted with premium materials,titanium,round,silver,unisex,no,no,anti-reflective clear,aviator,single vision,blue light protection,2 years,no,Lalaport Bukit Bintang,Kuala Lumpur,in_stock,4.6,yes,no
P0044,Saint Laurent Premium Frame 44,Frames,Designer Frames,Dior,558.51,Designer eyewear frame crafted with premium materials,acetate,rectangle,tortoise,women,no,no,clear,round,progressive,anti-reflective coating,2 years,yes,Lalaport Bukit Bintang,Kuala Lumpur,low_stock,4.7,no,no
P0045,Projekt Produkt Premium Frame 45,Frames,Designer Frames,Gucci,761.96,Designer eyewear frame crafted with premium materials,acetate,aviator,gold,unisex,no,no,anti-reflective clear,aviator,progressive,anti-reflective + blue light,1 year,yes,Aeon Mall Nilai,Nilai,in_stock,4.7,yes,yes
P0046,Prada Premium Frame 46,Frames,Designer Frames,Versace,419.42,Designer eyewear frame crafted with premium materials,titanium,round,brown,men,no,no,anti-reflective clear,round,plano,photochromic,1 year,no,Aeon Mall Nilai,Nilai,low_stock,4.7,yes,yes
P0047,RayBan Premium Frame 47,Frames,Designer Frames,Bottega Veneta,668.28,Designer eyewear frame crafted with premium materials,metal,cat-eye,silver,women,no,no,clear,oversized,progressive,UV coating,2 years,yes,Lalaport Bukit Bintang,Kuala Lumpur,in_stock,4.5,yes,yes
P0048,Bottega Veneta Premium Frame 48,Frames,Designer Frames,Saint Laurent,540.96,Designer eyewear frame crafted with premium materials,metal,aviator,black,unisex,no,no,clear,square,single vision,photochromic,2 years,no,Melawati Mall,Kuala Lumpur,in_stock,4.8,no,yes
P0049,Persol Premium Frame 49,Frames,Designer Frames,Bossini,739.02,Designer eyewear frame crafted with premium materials,metal,square,brown,unisex,no,no,light tint,square,single vision,UV coating,1 year,no,Mitsui Outlet Park,Sepang,low_stock,4.4,no,no
P0050,Cartier Premium Frame 50,Frames,Designer Frames,Dior,834.9,Designer eyewear frame crafted with premium materials,acetate,rectangle,brown,unisex,no,no,clear,round,single vision,anti-reflective coating,2 years,no,Lalaport Bukit Bintang,Kuala Lumpur,low_stock,4.0,no,yes
P0051,Burberry Premium Frame 51,Frames,Designer Frames,Persol,788.81,Designer eyewear frame crafted with premium materials,metal,aviator,brown,unisex,no,no,clear,square,progressive,blue light protection,1 year,yes,Mitsui Outlet Park,Sepang,in_stock,4.5,yes,yes
P0052,Oliver Peoples Premium Frame 52,Frames,Designer Frames,Projekt Produkt,655.35,Designer eyewear frame crafted with premium materials,acetate,rectangle,silver,women,no,no,clear,aviator,plano,anti-reflective coating,2 years,no,Lalaport Bukit Bintang,Kuala Lumpur,in_stock,4.3,no,yes
P0053,Persol Premium Frame 53,Frames,Designer Frames,Projekt Produkt,654.41,Designer eyewear frame crafted with premium materials,metal,rectangle,brown,women,no,no,anti-reflective clear,square,progressive,blue light protection,1 year,yes,Melawati Mall,Kuala Lumpur,low_stock,4.2,no,yes
P0054,Burberry Premium Frame 54,Frames,Designer Frames,Oakley,415.76,Designer eyewear frame crafted with premium materials,titanium,square,gold,men,no,no,light tint,round,single vision,anti-reflective + blue light,1 year,no,Aeon Mall Nilai,Nilai,low_stock,4.7,no,yes
P0055,RayBan Premium Frame 55,Frames,Designer Frames,Versace,548.48,Designer eyewear frame crafted with premium materials,metal,round,brown,men,no,no,anti-reflective clear,square,single vision,anti-reflective coating,1 year,no,Lalaport Bukit Bintang,Kuala Lumpur,in_stock,4.9,no,yes
P0056,Bottega Veneta Premium Frame 56,Frames,Designer Frames,Gucci,665.74,Designer eyewear frame crafted with premium materials,metal,rectangle,silver,women,no,no,anti-reflective clear,oversized,bifocal,photochromic,1 year,yes,Mitsui Outlet Park,Sepang,in_stock,4.2,no,yes
P0057,Gentle Monster Premium Frame 57,Frames,Designer Frames,Projekt Produkt,390.75,Designer eyewear frame crafted with premium materials,titanium,round,gold,men,no,no,clear,square,plano,scratch-resistant,1 year,no,Aeon Mall Nilai,Nilai,in_stock,4.9,yes,no
P0058,Acuvue Premium Frame 58,Frames,Designer Frames,Gentle Monster,597.78,Designer eyewear frame crafted with premium materials,metal,aviator,brown,women,no,no,light tint,square,single vision,scratch-resistant,1 year,no,Lalaport Bukit Bintang,Kuala Lumpur,in_stock,4.5,yes,yes
P0059,Dior Premium Frame 59,Frames,Designer Frames,Cartier,436.38,Designer eyewear frame crafted with premium materials,acetate,cat-eye,black,men,no,no,clear,aviator,single vision,anti-reflective coating,1 year,no,Lalaport Bukit Bintang,Kuala Lumpur,low_stock,4.4,no,no
P0060,Versace Premium Frame 60,Frames,Designer Frames,RayBan,738.83,Designer eyewear frame crafted with premium materials,titanium,rectangle,black,unisex,no,no,clear,oversized,progressive,anti-reflective coating,2 years,yes,Aeon Mall Nilai,Nilai,low_stock,4.7,yes,no
P0061,Bausch & Lomb Premium Frame 61,Frames,Designer Frames,Versace,706.2,Designer eyewear frame crafted with premium materials,metal,square,black,men,no,no,light tint,oversized,single vision,hydrophobic coating,1 year,no,Aeon Mall Nilai,Nilai,low_stock,4.5,no,no
P0062,Bossini Premium Frame 62,Frames,Designer Frames,RayBan,734.85,Designer eyewear frame crafted with premium materials,metal,cat-eye,brown,women,no,no,clear,round,plano,UV coating,2 years,no,Aeon Mall Nilai,Nilai,in_stock,4.5,no,no
P0063,Gucci Premium Frame 63,Frames,Designer Frames,Cartier,475.91,Designer eyewear frame crafted with premium materials,titanium,cat-eye,brown,men,no,no,light tint,square,single vision,scratch-resistant,2 years,no,Melawati Mall,Kuala Lumpur,in_stock,4.7,yes,no
P0064,Dior Premium Frame 64,Frames,Designer Frames,Tom Ford,898.32,Designer eyewear frame crafted with premium materials,metal,rectangle,black,women,no,no,anti-reflective clear,square,single vision,anti-reflective + blue light,1 year,no,Mitsui Outlet Park,Sepang,low_stock,4.3,yes,yes
P0065,Oliver Peoples Premium Frame 65,Frames,Designer Frames,Projekt Produkt,508.52,Designer eyewear frame crafted with premium materials,metal,cat-eye,black,women,no,no,light tint,aviator,plano,scratch-resistant,1 year,no,Melawati Mall,Kuala Lumpur,low_stock,4.2,yes,no
P0066,Bausch & Lomb Premium Frame 66,Frames,Designer Frames,Bossini,577.29,Designer eyewear frame crafted with premium materials,acetate,cat-eye,tortoise,unisex,no,no,light tint,round,single vision,blue light protection,2 years,no,Aeon Mall Nilai,Nilai,low_stock,4.7,yes,no
P0067,RayBan Premium Frame 67,Frames,Designer Frames,Bossini,834.47,Designer eyewear frame crafted with premium materials,metal,round,black,unisex,no,no,light tint,oversized,single vision,photochromic,2 years,no,Lalaport Bukit Bintang,Kuala Lumpur,in_stock,4.3,yes,no
P0068,Versace Premium Frame 68,Frames,Designer Frames,Bottega Veneta,603.8,Designer eyewear frame crafted with premium materials,acetate,square,silver,unisex,no,no,clear,square,single vision,blue light protection,1 year,no,Aeon Mall Nilai,Nilai,low_stock,4.4,no,no
P0069,Bossini Premium Frame 69,Frames,Designer Frames,Bausch & Lomb,429.55,Designer eyewear frame crafted with premium materials,acetate,cat-eye,brown,unisex,no,no,clear,oversized,single vision,UV coating,2 years,no,Lalaport Bukit Bintang,Kuala Lumpur,in_stock,4.2,no,no
P0070,Gucci Premium Frame 70,Frames,Designer Frames,RayBan,749.33,Designer eyewear frame crafted with premium materials,titanium,cat-eye,silver,men,no,no,clear,round,single vision,hydrophobic coating,1 year,no,Melawati Mall,Kuala Lumpur,low_stock,4.3,no,no
P0071,Burberry Premium Frame 71,Frames,Designer Frames,Versace,664.49,Designer eyewear frame crafted with premium materials,acetate,rectangle,black,women,no,no,clear,round,single vision,photochromic,1 year,no,Melawati Mall,Kuala Lumpur,low_stock,4.3,yes,no
P0072,Prada Premium Frame 72,Frames,Designer Frames,Acuvue,880.94,Designer eyewear frame crafted with premium materials,metal,round,silver,men,no,no,clear,round,single vision,anti-reflective coating,2 years,no,Aeon Mall Nilai,Nilai,in_stock,4.7,no,yes
P0073,Projekt Produkt Premium Frame 73,Frames,Designer Frames,Dior,536.21,Designer eyewear frame crafted with premium materials,titanium,rectangle,black,women,no,no,anti-reflective clear,round,single vision,blue light protection,1 year,no,Aeon Mall Nilai,Nilai,low_stock,4.6,no,yes
P0074,Versace Premium Frame 74,Frames,Designer Frames,RayBan,898.58,Designer eyewear frame crafted with premium materials,titanium,round,silver,men,no,no,clear,aviator,progressive,hydrophobic coating,2 years,yes,Aeon Mall Nilai,Nilai,low_stock,4.1,no,yes
P0075,Oakley Premium Frame 75,Frames,Designer Frames,Saint Laurent,511.35,Designer eyewear frame crafted with premium materials,metal,rectangle,gold,men,no,no,clear,round,progressive,blue light protection,1 year,yes,Aeon Mall Nilai,Nilai,in_stock,4.2,yes,no
P0076,Projekt Produkt Premium Frame 76,Frames,Designer Frames,Prada,477.7,Designer eyewear frame crafted with premium materials,titanium,aviator,silver,women,no,no,clear,aviator,single vision,blue light protection,2 years,no,Lalaport Bukit Bintang,Kuala Lumpur,low_stock,4.8,yes,yes
P0077,Persol Premium Frame 77,Frames,Designer Frames,RayBan,701.42,Designer eyewear frame crafted with premium materials,metal,aviator,silver,women,no,no,clear,oversized,single vision,blue light protection,1 year,no,Mitsui Outlet Park,Sepang,low_stock,4.8,yes,yes
P0078,Persol Premium Frame 78,Frames,Designer Frames,RayBan,895.98,Designer eyewear frame crafted with premium materials,metal,round,silver,women,no,no,light tint,aviator,progressive,blue light protection,1 year,yes,Mitsui Outlet Park,Sepang,in_stock,4.8,no,no
P0079,Persol Premium Frame 79,Frames,Designer Frames,Versace,700.14,Designer eyewear frame crafted with premium materials,titanium,aviator,gold,unisex,no,no,light tint,aviator,plano,anti-reflective coating,1 year,no,Lalaport Bukit Bintang,Kuala Lumpur,in_stock,4.3,no,yes
P0080,Prada Premium Frame 80,Frames,Designer Frames,Cartier,850.3,Designer eyewear frame crafted with premium materials,metal,rectangle,gold,men,no,no,anti-reflective clear,oversized,plano,photochromic,1 year,no,Melawati Mall,Kuala Lumpur,low_stock,4.5,no,yes
P0081,Projekt Produkt Premium Frame 81,Frames,Designer Frames,RayBan,760.61,Designer eyewear frame crafted with premium materials,metal,round,silver,men,no,no,light tint,oversized,single vision,anti-reflective coating,2 years,no,Melawati Mall,Kuala Lumpur,in_stock,4.8,no,no
P0082,Gentle Monster Premium Frame 82,Frames,Designer Frames,Gucci,495.45,Designer eyewear frame crafted with premium materials,acetate,rectangle,tortoise,unisex,no,no,clear,square,single vision,blue light protection,1 year,no,Aeon Mall Nilai,Nilai,low_stock,4.7,no,yes
P0083,Projekt Produkt Premium Frame 83,Frames,Designer Frames,Gucci,690.75,Designer eyewear frame crafted with premium materials,titanium,aviator,brown,men,no,no,anti-reflective clear,aviator,single vision,blue light protection,1 year,no,Lalaport Bukit Bintang,Kuala Lumpur,low_stock,4.8,no,no
P0084,Prada Premium Frame 84,Frames,Designer Frames,Saint Laurent,870.44,Designer eyewear frame crafted with premium materials,metal,rectangle,black,men,no,no,clear,oversized,single vision,anti-reflective coating,1 year,no,Aeon Mall Nilai,Nilai,in_stock,4.3,no,no
P0085,Oliver Peoples Premium Frame 85,Frames,Designer Frames,Bottega Veneta,808.53,Designer eyewear frame crafted with premium materials,titanium,rectangle,tortoise,men,no,no,clear,square,progressive,blue light protection,1 year,yes,Lalaport Bukit Bintang,Kuala Lumpur,in_stock,4.4,yes,no
P0086,Persol Premium Frame 86,Frames,Designer Frames,Bausch & Lomb,845.93,Designer eyewear frame crafted with premium materials,titanium,aviator,black,women,no,no,clear,square,single vision,UV coating,2 years,no,Aeon Mall Nilai,Nilai,in_stock,4.9,no,yes
P0087,Gucci Premium Frame 87,Frames,Designer Frames,Saint Laurent,782.74,Designer eyewear frame crafted with premium materials,acetate,square,brown,men,no,no,anti-reflective clear,aviator,single vision,blue light protection,1 year,no,Lalaport Bukit Bintang,Kuala Lumpur,in_stock,4.5,yes,no
P0088,Gucci Premium Frame 88,Frames,Designer Frames,Dior,822.12,Designer eyewear frame crafted with premium materials,acetate,square,brown,women,no,no,clear,oversized,single vision,anti-reflective coating,2 years,no,Lalaport Bukit Bintang,Kuala Lumpur,in_stock,4.6,yes,yes
P0089,Persol Premium Frame 89,Frames,Designer Frames,Versace,673.87,Designer eyewear frame crafted with premium materials,acetate,square,tortoise,men,no,no,clear,oversized,progressive,anti-reflective coating,1 year,yes,Aeon Mall Nilai,Nilai,low_stock,4.5,yes,no
P0090,Persol Premium Frame 90,Frames,Designer Frames,Acuvue,676.52,Designer eyewear frame crafted with premium materials,metal,cat-eye,gold,unisex,no,no,clear,aviator,single vision,anti-reflective coating,2 years,no,Mitsui Outlet Park,Sepang,low_stock,4.4,yes,yes
P0091,Gentle Monster Premium Frame 91,Frames,Designer Frames,Oliver Peoples,727.35,Designer eyewear frame crafted with premium materials,metal,rectangle,black,men,no,no,clear,square,plano,blue light protection,1 year,no,Mitsui Outlet Park,Sepang,in_stock,4.1,no,no
P0092,Acuvue Premium Frame 92,Frames,Designer Frames,RayBan,599.54,Designer eyewear frame crafted with premium materials,titanium,rectangle,black,unisex,no,no,light tint,aviator,single vision,blue light protection,1 year,no,Mitsui Outlet Park,Sepang,in_stock,4.4,yes,no
P0093,Bossini Premium Frame 93,Frames,Designer Frames,Gentle Monster,578.79,Designer eyewear frame crafted with premium materials,acetate,aviator,silver,women,no,no,clear,square,plano,scratch-resistant,2 years,no,Melawati Mall,Kuala Lumpur,low_stock,4.9,no,yes
P0094,Cartier Premium Frame 94,Frames,Designer Frames,Cartier,587.53,Designer eyewear frame crafted with premium materials,titanium,aviator,gold,unisex,no,no,clear,aviator,single vision,blue light protection,2 years,no,Aeon Mall Nilai,Nilai,low_stock,4.6,no,no
P0095,Saint Laurent Premium Frame 95,Frames,Designer Frames,RayBan,680.23,Designer eyewear frame crafted with premium materials,metal,round,brown,unisex,no,no,clear,oversized,plano,photochromic,2 years,no,Mitsui Outlet Park,Sepang,in_stock,4.6,yes,yes
P0096,Bausch & Lomb Premium Frame 96,Frames,Designer Frames,Persol,413.19,Designer eyewear frame crafted with premium materials,metal,cat-eye,gold,women,no,no,light tint,aviator,plano,anti-reflective coating,1 year,no,Melawati Mall,Kuala Lumpur,low_stock,4.0,no,no
P0097,Persol Premium Frame 97,Frames,Designer Frames,Gucci,449.77,Designer eyewear frame crafted with premium materials,acetate,cat-eye,silver,men,no,no,clear,oversized,plano,anti-reflective coating,1 year,no,Melawati Mall,Kuala Lumpur,in_stock,4.1,yes,no
P0098,Bossini Premium Frame 98,Frames,Designer Frames,Oakley,436.58,Designer eyewear frame crafted with premium materials,metal,aviator,brown,unisex,no,no,clear,aviator,plano,anti-reflective coating,2 years,no,Mitsui Outlet Park,Sepang,in_stock,4.1,yes,yes
P0099,Bossini Premium Frame 99,Frames,Designer Frames,Oliver Peoples,617.11,Designer eyewear frame crafted with premium materials,metal,rectangle,tortoise,men,no,no,clear,aviator,bifocal,scratch-resistant,1 year,yes,Melawati Mall,Kuala Lumpur,low_stock,4.4,no,no
P0100,Saint Laurent Premium Frame 100,Frames,Designer Frames,Versace,567.39,Designer eyewear frame crafted with premium materials,titanium,round,black,men,no,no,blue light filter clear,square,progressive,scratch-resistant,2 years,yes,Melawati Mall,Kuala Lumpur,in_stock,4.7,no,no
P0101,Bottega Veneta Premium Frame 101,Frames,Designer Frames,Gucci,623.56,Designer eyewear frame crafted with premium materials,metal,square,gold,women,no,no,blue light filter clear,oversized,bifocal,blue light protection,2 years,yes,Melawati Mall,Kuala Lumpur,low_stock,4.1,yes,no
P0102,Bossini Premium Frame 102,Frames,Designer Frames,Cartier,824.16,Designer eyewear frame crafted with premium materials,titanium,rectangle,brown,women,no,no,light tint,round,single vision,anti-reflective coating,2 years,no,Aeon Mall Nilai,Nilai,low_stock,4.1,yes,no
P0103,Bossini Premium Frame 103,Frames,Designer Frames,Persol,398.47,Designer eyewear frame crafted with premium materials,acetate,square,silver,unisex,no,no,clear,round,progressive,blue light protection,2 years,yes,Lalaport Bukit Bintang,Kuala Lumpur,in_stock,4.4,no,no
P0104,Oakley Premium Frame 104,Frames,Designer Frames,Tom Ford,392.01,Designer eyewear frame crafted with premium materials,titanium,round,brown,unisex,no,no,blue light filter clear,oversized,progressive,anti-reflective coating,2 years,yes,Lalaport Bukit Bintang,Kuala Lumpur,low_stock,4.3,yes,yes
P0105,Prada Premium Frame 105,Frames,Designer Frames,Dior,458.5,Designer eyewear frame crafted with premium materials,titanium,square,black,men,no,no,anti-reflective clear,round,plano,UV coating,1 year,no,Aeon Mall Nilai,Nilai,low_stock,4.7,no,no
P0106,Prada Premium Frame 106,Frames,Designer Frames,Bossini,387.56,Designer eyewear frame crafted with premium materials,metal,aviator,tortoise,unisex,no,no,anti-reflective clear,aviator,progressive,blue light protection,1 year,yes,Melawati Mall,Kuala Lumpur,low_stock,4.5,no,no
P0107,Saint Laurent Premium Frame 107,Frames,Designer Frames,Saint Laurent,552.81,Designer eyewear frame crafted with premium materials,metal,round,black,unisex,no,no,clear,round,single vision,anti-reflective coating,2 years,no,Mitsui Outlet Park,Sepang,low_stock,4.5,yes,no
P0108,Oakley Premium Frame 108,Frames,Designer Frames,Projekt Produkt,625.75,Designer eyewear frame crafted with premium materials,acetate,rectangle,black,women,no,no,clear,aviator,progressive,anti-reflective + blue light,1 year,yes,Lalaport Bukit Bintang,Kuala Lumpur,in_stock,4.0,no,no
P0109,Persol Premium Frame 109,Frames,Designer Frames,Persol,854.87,Designer eyewear frame crafted with premium materials,metal,rectangle,tortoise,unisex,no,no,clear,aviator,single vision,blue light protection,1 year,no,Lalaport Bukit Bintang,Kuala Lumpur,low_stock,4.1,yes,no
P0110,Dior Premium Frame 110,Frames,Designer Frames,Prada,533.35,Designer eyewear frame crafted with premium materials,titanium,square,tortoise,women,no,no,blue light filter clear,round,single vision,anti-reflective coating,1 year,no,Melawati Mall,Kuala Lumpur,in_stock,4.5,yes,no
P0111,Oakley Premium Frame 111,Frames,Designer Frames,Prada,718.56,Designer eyewear frame crafted with premium materials,titanium,cat-eye,black,unisex,no,no,clear,round,progressive,UV coating,2 years,yes,Mitsui Outlet Park,Sepang,low_stock,4.0,no,yes
P0112,Oakley Premium Frame 112,Frames,Designer Frames,Projekt Produkt,455.6,Designer eyewear frame crafted with premium materials,acetate,square,black,women,no,no,clear,aviator,single vision,blue light protection,2 years,no,Lalaport Bukit Bintang,Kuala Lumpur,in_stock,4.6,yes,no
P0113,Tom Ford Premium Frame 113,Frames,Designer Frames,Tom Ford,807.24,Designer eyewear frame crafted with premium materials,titanium,square,silver,men,no,no,clear,round,single vision,blue light protection,2 years,no,Lalaport Bukit Bintang,Kuala Lumpur,low_stock,4.6,yes,no
P0114,Bossini Premium Frame 114,Frames,Designer Frames,Versace,643.71,Designer eyewear frame crafted with premium materials,metal,rectangle,gold,women,no,no,light tint,round,single vision,blue light protection,1 year,no,Melawati Mall,Kuala Lumpur,low_stock,4.7,no,no
P0115,Burberry Premium Frame 115,Frames,Designer Frames,Prada,830.15,Designer eyewear frame crafted with premium materials,acetate,rectangle,tortoise,unisex,no,no,clear,aviator,single vision,anti-reflective + blue light,1 year,no,Lalaport Bukit Bintang,Kuala Lumpur,in_stock,4.3,yes,no
P0116,Acuvue Premium Frame 116,Frames,Designer Frames,Prada,807.08,Designer eyewear frame crafted with premium materials,acetate,square,silver,women,no,no,anti-reflective clear,aviator,single vision,blue light protection,1 year,no,Mitsui Outlet Park,Sepang,low_stock,4.0,no,yes
P0117,Cartier Premium Frame 117,Frames,Designer Frames,Persol,473.5,Designer eyewear frame crafted with premium materials,metal,round,tortoise,men,no,no,anti-reflective clear,oversized,single vision,blue light protection,1 year,no,Mitsui Outlet Park,Sepang,in_stock,4.3,no,yes
P0118,Bossini Premium Frame 118,Frames,Designer Frames,Gucci,848.22,Designer eyewear frame crafted with premium materials,acetate,aviator,gold,men,no,no,anti-reflective clear,round,progressive,blue light protection,2 years,yes,Mitsui Outlet Park,Sepang,in_stock,4.7,yes,no
P0119,Saint Laurent Premium Frame 119,Frames,Designer Frames,Versace,580.9,Designer eyewear frame crafted with premium materials,titanium,rectangle,black,men,no,no,clear,round,single vision,blue light protection,2 years,no,Aeon Mall Nilai,Nilai,in_stock,4.6,yes,yes
P0120,Oliver Peoples Premium Frame 120,Frames,Designer Frames,Gucci,688.15,Designer eyewear frame crafted with premium materials,acetate,cat-eye,silver,men,no,no,light tint,aviator,plano,UV coating,1 year,no,Melawati Mall,Kuala Lumpur,low_stock,4.1,yes,no
P0121,Saint Laurent Premium Frame 121,Frames,Designer Frames,Gentle Monster,889.57,Designer eyewear frame crafted with premium materials,metal,round,tortoise,men,no,no,light tint,square,plano,blue light protection,1 year,no,Mitsui Outlet Park,Sepang,in_stock,4.7,yes,no
P0122,Saint Laurent Premium Frame 122,Frames,Designer Frames,Persol,650.31,Designer eyewear frame crafted with premium materials,titanium,square,silver,unisex,no,no,light tint,round,progressive,photochromic,1 year,yes,Lalaport Bukit Bintang,Kuala Lumpur,in_stock,4.7,yes,no
P0123,RayBan Premium Frame 123,Frames,Designer Frames,Burberry,374.09,Designer eyewear frame crafted with premium materials,acetate,round,tortoise,women,no,no,clear,round,single vision,photochromic,2 years,no,Aeon Mall Nilai,Nilai,low_stock,4.2,yes,no
P0124,Saint Laurent Premium Frame 124,Frames,Designer Frames,Oakley,500.27,Designer eyewear frame crafted with premium materials,metal,rectangle,silver,unisex,no,no,clear,round,progressive,scratch-resistant,2 years,yes,Melawati Mall,Kuala Lumpur,low_stock,4.3,yes,no
P0125,Persol Premium Frame 125,Frames,Designer Frames,Acuvue,496.7,Designer eyewear frame crafted with premium materials,acetate,rectangle,black,women,no,no,clear,oversized,plano,blue light protection,1 year,no,Mitsui Outlet Park,Sepang,low_stock,4.3,yes,no
P0126,RayBan Premium Frame 126,Frames,Designer Frames,Bossini,681.44,Designer eyewear frame crafted with premium materials,metal,square,silver,women,no,no,clear,round,progressive,scratch-resistant,2 years,yes,Melawati Mall,Kuala Lumpur,in_stock,4.7,no,no
P0127,Saint Laurent Premium Frame 127,Frames,Designer Frames,Cartier,719.15,Designer eyewear frame crafted with premium materials,metal,aviator,brown,unisex,no,no,clear,oversized,plano,photochromic,1 year,no,Melawati Mall,Kuala Lumpur,in_stock,4.1,no,yes
P0128,Cartier Premium Frame 128,Frames,Designer Frames,Versace,778.18,Designer eyewear frame crafted with premium materials,metal,aviator,silver,unisex,no,no,clear,aviator,progressive,blue light protection,1 year,yes,Lalaport Bukit Bintang,Kuala Lumpur,in_stock,4.6,no,no
P0129,Cartier Premium Frame 129,Frames,Designer Frames,Prada,641.2,Designer eyewear frame crafted with premium materials,metal,aviator,tortoise,men,no,no,clear,aviator,progressive,scratch-resistant,2 years,yes,Mitsui Outlet Park,Sepang,in_stock,4.7,no,no
P0130,Dior Premium Frame 130,Frames,Designer Frames,Dior,737.22,Designer eyewear frame crafted with premium materials,acetate,cat-eye,tortoise,unisex,no,no,light tint,round,single vision,scratch-resistant,1 year,no,Aeon Mall Nilai,Nilai,in_stock,4.1,yes,no
P0131,Bossini Premium Frame 131,Frames,Designer Frames,Cartier,795.78,Designer eyewear frame crafted with premium materials,metal,aviator,black,unisex,no,no,clear,square,bifocal,blue light protection,1 year,yes,Lalaport Bukit Bintang,Kuala Lumpur,low_stock,4.8,yes,no
P0132,Bottega Veneta Premium Frame 132,Frames,Designer Frames,Burberry,785.64,Designer eyewear frame crafted with premium materials,acetate,rectangle,black,women,no,no,blue light filter clear,square,single vision,anti-reflective + blue light,2 years,no,Lalaport Bukit Bintang,Kuala Lumpur,low_stock,4.7,yes,yes
P0133,RayBan Premium Frame 133,Frames,Designer Frames,Gentle Monster,899.78,Designer eyewear frame crafted with premium materials,titanium,rectangle,brown,women,no,no,light tint,round,progressive,anti-reflective coating,1 year,yes,Aeon Mall Nilai,Nilai,in_stock,4.1,no,yes
P0134,Bossini Premium Frame 134,Frames,Designer Frames,Acuvue,539.48,Designer eyewear frame crafted with premium materials,titanium,cat-eye,gold,men,no,no,clear,round,plano,photochromic,2 years,no,Mitsui Outlet Park,Sepang,in_stock,4.7,yes,no
P0135,Tom Ford Premium Frame 135,Frames,Designer Frames,Oakley,864.11,Designer eyewear frame crafted with premium materials,acetate,aviator,brown,women,no,no,light tint,aviator,single vision,hydrophobic coating,1 year,no,Lalaport Bukit Bintang,Kuala Lumpur,low_stock,4.2,no,yes
P0136,Bausch & Lomb Premium Frame 136,Frames,Designer Frames,Cartier,626.42,Designer eyewear frame crafted with premium materials,acetate,cat-eye,brown,men,no,no,clear,oversized,progressive,anti-reflective coating,1 year,yes,Melawati Mall,Kuala Lumpur,low_stock,4.8,yes,yes
P0137,Saint Laurent Premium Frame 137,Frames,Designer Frames,Dior,708.12,Designer eyewear frame crafted with premium materials,titanium,rectangle,brown,unisex,no,no,blue light filter clear,aviator,single vision,scratch-resistant,1 year,no,Aeon Mall Nilai,Nilai,low_stock,4.8,no,no
P0138,Versace Premium Frame 138,Frames,Designer Frames,Gentle Monster,513.59,Designer eyewear frame crafted with premium materials,acetate,round,gold,women,no,no,clear,round,bifocal,anti-reflective coating,1 year,yes,Mitsui Outlet Park,Sepang,low_stock,4.4,no,yes
P0139,Oakley Premium Frame 139,Frames,Designer Frames,Persol,886.46,Designer eyewear frame crafted with premium materials,acetate,aviator,brown,unisex,no,no,anti-reflective clear,aviator,single vision,scratch-resistant,1 year,no,Melawati Mall,Kuala Lumpur,low_stock,4.2,yes,no
P0140,Versace Premium Frame 140,Frames,Designer Frames,Prada,403.25,Designer eyewear frame crafted with premium materials,metal,rectangle,brown,women,no,no,clear,oversized,plano,photochromic,1 year,no,Mitsui Outlet Park,Sepang,in_stock,4.7,no,yes
P0141,Projekt Produkt Premium Frame 141,Frames,Designer Frames,Acuvue,606.75,Designer eyewear frame crafted with premium materials,metal,rectangle,black,men,no,no,clear,round,single vision,blue light protection,2 years,no,Lalaport Bukit Bintang,Kuala Lumpur,low_stock,4.9,yes,no
P0142,Saint Laurent Premium Frame 142,Frames,Designer Frames,RayBan,622.19,Designer eyewear frame crafted with premium materials,titanium,rectangle,tortoise,unisex,no,no,clear,aviator,plano,anti-reflective coating,1 year,no,Aeon Mall Nilai,Nilai,in_stock,4.4,no,no
P0143,Persol Premium Frame 143,Frames,Designer Frames,Saint Laurent,570.32,Designer eyewear frame crafted with premium materials,titanium,cat-eye,gold,women,no,no,blue light filter clear,square,plano,anti-reflective coating,1 year,no,Mitsui Outlet Park,Sepang,in_stock,4.3,no,no
P0144,Prada Premium Frame 144,Frames,Designer Frames,Bottega Veneta,566.65,Designer eyewear frame crafted with premium materials,metal,cat-eye,tortoise,men,no,no,light tint,oversized,progressive,blue light protection,1 year,yes,Aeon Mall Nilai,Nilai,low_stock,4.5,yes,yes
P0145,Oakley Premium Frame 145,Frames,Designer Frames,Projekt Produkt,635.63,Designer eyewear frame crafted with premium materials,acetate,cat-eye,brown,men,no,no,clear,square,bifocal,blue light protection,1 year,yes,Lalaport Bukit Bintang,Kuala Lumpur,low_stock,4.1,no,no
P0146,RayBan Premium Frame 146,Frames,Designer Frames,Projekt Produkt,798.66,Designer eyewear frame crafted with premium materials,metal,aviator,black,women,no,no,clear,square,bifocal,anti-reflective coating,1 year,yes,Mitsui Outlet Park,Sepang,in_stock,4.5,no,yes
P0147,Projekt Produkt Premium Frame 147,Frames,Designer Frames,Tom Ford,638.33,Designer eyewear frame crafted with premium materials,titanium,cat-eye,silver,men,no,no,clear,oversized,plano,blue light protection,2 years,no,Aeon Mall Nilai,Nilai,in_stock,4.5,yes,yes
P0148,Bossini Premium Frame 148,Frames,Designer Frames,Oakley,580.33,Designer eyewear frame crafted with premium materials,metal,square,silver,unisex,no,no,clear,round,single vision,blue light protection,1 year,no,Aeon Mall Nilai,Nilai,in_stock,4.6,yes,no
P0149,Acuvue Premium Frame 149,Frames,Designer Frames,Gentle Monster,522.56,Designer eyewear frame crafted with premium materials,acetate,rectangle,brown,women,no,no,clear,square,progressive,UV coating,2 years,yes,Mitsui Outlet Park,Sepang,low_stock,4.5,yes,yes
P0150,Bausch & Lomb Premium Frame 150,Frames,Designer Frames,RayBan,473.68,Designer eyewear frame crafted with premium materials,metal,aviator,gold,unisex,no,no,clear,round,single vision,UV coating,2 years,no,Melawati Mall,Kuala Lumpur,low_stock,4.4,no,no
P0151,Bausch & Lomb Premium Frame 151,Frames,Designer Frames,Gentle Monster,842.67,Designer eyewear frame crafted with premium materials,metal,aviator,gold,women,no,no,anti-reflective clear,aviator,progressive,UV coating,1 year,yes,Aeon Mall Nilai,Nilai,low_stock,4.9,yes,no
P0152,Dior Premium Frame 152,Frames,Designer Frames,Projekt Produkt,467.69,Designer eyewear frame crafted with premium materials,titanium,aviator,brown,unisex,no,no,anti-reflective clear,square,single vision,anti-reflective coating,1 year,no,Mitsui Outlet Park,Sepang,in_stock,4.1,yes,yes
P0153,Acuvue Premium Frame 153,Frames,Designer Frames,Versace,700.87,Designer eyewear frame crafted with premium materials,acetate,round,silver,women,no,no,clear,round,progressive,anti-reflective + blue light,1 year,yes,Aeon Mall Nilai,Nilai,in_stock,4.6,yes,yes
P0154,Oliver Peoples Premium Frame 154,Frames,Designer Frames,Projekt Produkt,612.6,Designer eyewear frame crafted with premium materials,acetate,aviator,tortoise,women,no,no,light tint,aviator,progressive,photochromic,2 years,yes,Lalaport Bukit Bintang,Kuala Lumpur,in_stock,4.6,yes,yes
P0155,Oliver Peoples Premium Frame 155,Frames,Designer Frames,Tom Ford,863.66,Designer eyewear frame crafted with premium materials,acetate,rectangle,silver,men,no,no,clear,square,progressive,blue light protection,1 year,yes,Lalaport Bukit Bintang,Kuala Lumpur,in_stock,4.0,yes,no
P0156,Bossini Premium Frame 156,Frames,Designer Frames,Bausch & Lomb,638.38,Designer eyewear frame crafted with premium materials,acetate,cat-eye,silver,women,no,no,light tint,oversized,progressive,blue light protection,2 years,yes,Melawati Mall,Kuala Lumpur,in_stock,4.3,no,no
P0157,Gucci Premium Frame 157,Frames,Designer Frames,Oakley,784.92,Designer eyewear frame crafted with premium materials,titanium,square,gold,unisex,no,no,clear,round,bifocal,UV coating,2 years,yes,Lalaport Bukit Bintang,Kuala Lumpur,low_stock,4.5,yes,no
P0158,Tom Ford Premium Frame 158,Frames,Designer Frames,Prada,612.6,Designer eyewear frame crafted with premium materials,acetate,round,tortoise,women,no,no,light tint,oversized,bifocal,blue light protection,2 years,yes,Aeon Mall Nilai,Nilai,low_stock,4.7,no,no
P0159,Dior Premium Frame 159,Frames,Designer Frames,Persol,731.02,Designer eyewear frame crafted with premium materials,acetate,round,silver,women,no,no,anti-reflective clear,oversized,progressive,photochromic,1 year,yes,Aeon Mall Nilai,Nilai,low_stock,4.6,no,yes
P0160,Persol Premium Frame 160,Frames,Designer Frames,Versace,470.52,Designer eyewear frame crafted with premium materials,acetate,rectangle,gold,women,no,no,anti-reflective clear,square,progressive,hydrophobic coating,2 years,yes,Melawati Mall,Kuala Lumpur,low_stock,4.6,no,yes
P0161,Cartier Premium Frame 161,Frames,Designer Frames,Acuvue,595.71,Designer eyewear frame crafted with premium materials,titanium,aviator,black,unisex,no,no,clear,aviator,plano,blue light protection,1 year,no,Lalaport Bukit Bintang,Kuala Lumpur,in_stock,4.7,yes,yes
P0162,Oakley Premium Frame 162,Frames,Designer Frames,Acuvue,593.01,Designer eyewear frame crafted with premium materials,titanium,square,brown,women,no,no,blue light filter clear,aviator,single vision,blue light protection,1 year,no,Lalaport Bukit Bintang,Kuala Lumpur,low_stock,4.7,no,yes
P0163,Bossini Premium Frame 163,Frames,Designer Frames,Saint Laurent,657.34,Designer eyewear frame crafted with premium materials,titanium,aviator,black,women,no,no,clear,square,single vision,hydrophobic coating,1 year,no,Mitsui Outlet Park,Sepang,in_stock,4.7,yes,yes
P0164,Persol Premium Frame 164,Frames,Designer Frames,Cartier,647.64,Designer eyewear frame crafted with premium materials,acetate,round,silver,men,no,no,clear,square,single vision,photochromic,2 years,no,Mitsui Outlet Park,Sepang,low_stock,4.2,yes,no
P0165,Gentle Monster Premium Frame 165,Frames,Designer Frames,Bossini,828.29,Designer eyewear frame crafted with premium materials,metal,rectangle,black,unisex,no,no,light tint,oversized,progressive,blue light protection,2 years,yes,Melawati Mall,Kuala Lumpur,low_stock,4.1,no,yes
P0166,Gucci Premium Frame 166,Frames,Designer Frames,Gucci,888.17,Designer eyewear frame crafted with premium materials,metal,cat-eye,silver,unisex,no,no,clear,round,single vision,anti-reflective + blue light,2 years,no,Lalaport Bukit Bintang,Kuala Lumpur,in_stock,4.2,no,yes
P0167,Burberry Premium Frame 167,Frames,Designer Frames,Bottega Veneta,367.72,Designer eyewear frame crafted with premium materials,titanium,rectangle,brown,men,no,no,anti-reflective clear,oversized,bifocal,anti-reflective + blue light,1 year,yes,Melawati Mall,Kuala Lumpur,in_stock,4.1,yes,no
P0168,Versace Premium Frame 168,Frames,Designer Frames,Saint Laurent,571.25,Designer eyewear frame crafted with premium materials,acetate,cat-eye,gold,men,no,no,anti-reflective clear,oversized,progressive,photochromic,2 years,yes,Aeon Mall Nilai,Nilai,low_stock,4.2,no,no
P0169,RayBan Premium Frame 169,Frames,Designer Frames,Prada,892.13,Designer eyewear frame crafted with premium materials,titanium,square,silver,women,no,no,clear,square,single vision,UV coating,1 year,no,Lalaport Bukit Bintang,Kuala Lumpur,in_stock,4.5,yes,no
P0170,Saint Laurent Premium Frame 170,Frames,Designer Frames,Persol,867.87,Designer eyewear frame crafted with premium materials,titanium,rectangle,brown,women,no,no,blue light filter clear,round,plano,blue light protection,1 year,no,Mitsui Outlet Park,Sepang,low_stock,4.1,no,yes
P0171,Versace Premium Frame 171,Frames,Designer Frames,Versace,515.41,Designer eyewear frame crafted with premium materials,titanium,square,silver,men,no,no,clear,round,bifocal,blue light protection,2 years,yes,Mitsui Outlet Park,Sepang,low_stock,4.5,yes,no
P0172,Dior Premium Frame 172,Frames,Designer Frames,Burberry,531.64,Designer eyewear frame crafted with premium materials,acetate,rectangle,tortoise,men,no,no,clear,oversized,single vision,photochromic,1 year,no,Lalaport Bukit Bintang,Kuala Lumpur,in_stock,4.2,yes,yes
P0173,Bausch & Lomb Premium Frame 173,Frames,Designer Frames,Burberry,613.67,Designer eyewear frame crafted with premium materials,metal,aviator,black,men,no,no,clear,oversized,single vision,anti-reflective coating,1 year,no,Lalaport Bukit Bintang,Kuala Lumpur,in_stock,4.7,no,yes
P0174,Gentle Monster Premium Frame 174,Frames,Designer Frames,Versace,653.64,Designer eyewear frame crafted with premium materials,metal,rectangle,silver,unisex,no,no,blue light filter clear,square,single vision,UV coating,2 years,no,Lalaport Bukit Bintang,Kuala Lumpur,low_stock,4.2,no,no
P0175,Projekt Produkt Premium Frame 175,Frames,Designer Frames,Oakley,852.88,Designer eyewear frame crafted with premium materials,metal,aviator,silver,men,no,no,clear,oversized,single vision,scratch-resistant,1 year,no,Aeon Mall Nilai,Nilai,in_stock,4.0,no,no
P0176,Burberry Premium Frame 176,Frames,Designer Frames,Oakley,476.51,Designer eyewear frame crafted with premium materials,titanium,square,silver,unisex,no,no,clear,square,single vision,blue light protection,1 year,no,Lalaport Bukit Bintang,Kuala Lumpur,low_stock,4.7,no,no
P0177,Tom Ford Premium Frame 177,Frames,Designer Frames,Persol,443.1,Designer eyewear frame crafted with premium materials,titanium,cat-eye,silver,men,no,no,clear,aviator,plano,photochromic,1 year,no,Mitsui Outlet Park,Sepang,in_stock,4.8,yes,yes
P0178,Oliver Peoples Premium Frame 178,Frames,Designer Frames,Prada,813.4,Designer eyewear frame crafted with premium materials,acetate,round,gold,men,no,no,blue light filter clear,oversized,single vision,blue light protection,1 year,no,Aeon Mall Nilai,Nilai,low_stock,4.3,no,no
P0179,Gucci Premium Frame 179,Frames,Designer Frames,Bausch & Lomb,653.4,Designer eyewear frame crafted with premium materials,acetate,round,brown,unisex,no,no,anti-reflective clear,square,single vision,anti-reflective + blue light,2 years,no,Aeon Mall Nilai,Nilai,low_stock,4.0,no,yes
P0180,Bottega Veneta Premium Frame 180,Frames,Designer Frames,Acuvue,431.89,Designer eyewear frame crafted with premium materials,acetate,cat-eye,brown,women,no,no,anti-reflective clear,square,bifocal,blue light protection,2 years,yes,Aeon Mall Nilai,Nilai,low_stock,4.7,yes,no
P0181,Bossini Premium Frame 181,Frames,Designer Frames,Versace,894.63,Designer eyewear frame crafted with premium materials,acetate,aviator,black,unisex,no,no,anti-reflective clear,aviator,progressive,photochromic,1 year,yes,Mitsui Outlet Park,Sepang,in_stock,4.4,no,no
P0182,Gucci Premium Frame 182,Frames,Designer Frames,Tom Ford,395.48,Designer eyewear frame crafted with premium materials,metal,aviator,brown,men,no,no,anti-reflective clear,aviator,plano,photochromic,1 year,no,Aeon Mall Nilai,Nilai,in_stock,4.2,no,no
P0183,Cartier Premium Frame 183,Frames,Designer Frames,Dior,844.62,Designer eyewear frame crafted with premium materials,titanium,round,gold,women,no,no,clear,aviator,bifocal,anti-reflective coating,1 year,yes,Aeon Mall Nilai,Nilai,in_stock,4.5,no,yes
P0184,Tom Ford Premium Frame 184,Frames,Designer Frames,Versace,661.68,Designer eyewear frame crafted with premium materials,metal,cat-eye,tortoise,women,no,no,clear,oversized,progressive,UV coating,2 years,yes,Melawati Mall,Kuala Lumpur,in_stock,4.5,no,yes
P0185,Oliver Peoples Premium Frame 185,Frames,Designer Frames,Versace,811.27,Designer eyewear frame crafted with premium materials,metal,cat-eye,brown,unisex,no,no,anti-reflective clear,round,single vision,UV coating,2 years,no,Aeon Mall Nilai,Nilai,low_stock,4.0,no,no
P0186,Versace Premium Frame 186,Frames,Designer Frames,Persol,654.17,Designer eyewear frame crafted with premium materials,metal,rectangle,gold,unisex,no,no,light tint,round,plano,photochromic,2 years,no,Mitsui Outlet Park,Sepang,in_stock,4.7,no,yes
P0187,Cartier Premium Frame 187,Frames,Designer Frames,Dior,434.82,Designer eyewear frame crafted with premium materials,titanium,square,silver,women,no,no,clear,square,bifocal,UV coating,1 year,yes,Aeon Mall Nilai,Nilai,in_stock,4.1,no,no
P0188,Dior Premium Frame 188,Frames,Designer Frames,Bottega Veneta,422.88,Designer eyewear frame crafted with premium materials,acetate,rectangle,silver,unisex,no,no,clear,round,plano,hydrophobic coating,1 year,no,Melawati Mall,Kuala Lumpur,in_stock,4.0,no,yes
P0189,Gentle Monster Premium Frame 189,Frames,Designer Frames,Gucci,510.52,Designer eyewear frame crafted with premium materials,metal,round,brown,men,no,no,anti-reflective clear,oversized,single vision,anti-reflective coating,1 year,no,Melawati Mall,Kuala Lumpur,low_stock,4.2,no,no
P0190,Projekt Produkt Premium Frame 190,Frames,Designer Frames,Prada,384.8,Designer eyewear frame crafted with premium materials,metal,aviator,silver,women,no,no,clear,round,plano,photochromic,2 years,no,Melawati Mall,Kuala Lumpur,in_stock,4.3,yes,no
P0191,Bossini Premium Frame 191,Frames,Designer Frames,Bottega Veneta,424.52,Designer eyewear frame crafted with premium materials,acetate,rectangle,tortoise,unisex,no,no,blue light filter clear,round,progressive,blue light protection,1 year,yes,Lalaport Bukit Bintang,Kuala Lumpur,low_stock,4.4,no,yes
P0192,Oakley Premium Frame 192,Frames,Designer Frames,Burberry,613.46,Designer eyewear frame crafted with premium materials,acetate,rectangle,tortoise,women,no,no,clear,round,single vision,scratch-resistant,2 years,no,Melawati Mall,Kuala Lumpur,in_stock,4.3,no,no
P0193,Bottega Veneta Premium Frame 193,Frames,Designer Frames,Burberry,675.72,Designer eyewear frame crafted with premium materials,titanium,square,brown,men,no,no,clear,round,progressive,photochromic,2 years,yes,Melawati Mall,Kuala Lumpur,in_stock,4.4,no,yes
P0194,Projekt Produkt Premium Frame 194,Frames,Designer Frames,Prada,698.33,Designer eyewear frame crafted with premium materials,acetate,aviator,gold,unisex,no,no,anti-reflective clear,round,progressive,anti-reflective coating,1 year,yes,Mitsui Outlet Park,Sepang,low_stock,4.1,no,no
P0195,Bausch & Lomb Premium Frame 195,Frames,Designer Frames,Saint Laurent,784.9,Designer eyewear frame crafted with premium materials,metal,cat-eye,brown,unisex,no,no,clear,aviator,single vision,blue light protection,1 year,no,Mitsui Outlet Park,Sepang,in_stock,4.7,no,yes
P0196,Gentle Monster Premium Frame 196,Frames,Designer Frames,Oakley,881.14,Designer eyewear frame crafted with premium materials,metal,round,black,men,no,no,clear,square,progressive,anti-reflective + blue light,1 year,yes,Aeon Mall Nilai,Nilai,in_stock,4.5,yes,no
P0197,Gentle Monster Premium Frame 197,Frames,Designer Frames,Bossini,774.79,Designer eyewear frame crafted with premium materials,titanium,cat-eye,gold,women,no,no,light tint,aviator,plano,anti-reflective coating,1 year,no,Melawati Mall,Kuala Lumpur,low_stock,4.1,no,yes
P0198,Prada Premium Frame 198,Frames,Designer Frames,Persol,521.54,Designer eyewear frame crafted with premium materials,metal,square,brown,women,no,no,anti-reflective clear,square,single vision,UV coating,1 year,no,Aeon Mall Nilai,Nilai,low_stock,4.1,no,no
P0199,RayBan Premium Frame 199,Frames,Designer Frames,Saint Laurent,795.6,Designer eyewear frame crafted with premium materials,acetate,round,tortoise,unisex,no,no,clear,aviator,progressive,blue light protection,2 years,yes,Aeon Mall Nilai,Nilai,in_stock,4.8,yes,yes
P0200,Oakley Premium Frame 200,Frames,Designer Frames,Bausch & Lomb,584.5,Designer eyewear frame crafted with premium materials,metal,square,silver,unisex,no,no,clear,oversized,single vision,hydrophobic coating,1 year,no,Lalaport Bukit Bintang,Kuala Lumpur,in_stock,4.6,no,no
P0201,Burberry Luxe Sunglasses 201,Sunglasses,Luxury Sunglasses,Bossini,873.76,Luxury sunglasses with UV protection,metal,round,gold,men,yes,no,green,aviator,plano,polarized coating,1 year,no,Aeon Mall Nilai,Nilai,in_stock,4.3,yes,no
P0202,Dior Luxe Sunglasses 202,Sunglasses,Luxury Sunglasses,Projekt Produkt,822.17,Luxury sunglasses with UV protection,titanium,aviator,brown,women,yes,no,green,square,progressive,polarized coating,2 years,yes,Aeon Mall Nilai,Nilai,low_stock,4.8,yes,no
P0203,Prada Luxe Sunglasses 203,Sunglasses,Luxury Sunglasses,Oakley,494.29,Luxury sunglasses with UV protection,metal,round,gold,women,yes,yes,gradient,round,single vision,anti-reflective,3+ years,no,Aeon Mall Nilai,Nilai,in_stock,4.5,no,yes
P0204,Bausch & Lomb Luxe Sunglasses 204,Sunglasses,Luxury Sunglasses,Tom Ford,843.93,Luxury sunglasses with UV protection,metal,aviator,gold,men,yes,no,gradient,aviator,plano,anti-reflective,1 year,no,Mitsui Outlet Park,Sepang,low_stock,4.9,no,yes
P0205,Gentle Monster Luxe Sunglasses 205,Sunglasses,Luxury Sunglasses,Bausch & Lomb,804.35,Luxury sunglasses with UV protection,metal,rectangle,silver,women,yes,no,gradient,oversized,progressive,polarized coating,3+ years,yes,Lalaport Bukit Bintang,Kuala Lumpur,in_stock,4.5,yes,no
P0206,Dior Luxe Sunglasses 206,Sunglasses,Luxury Sunglasses,Versace,830.09,Luxury sunglasses with UV protection,acetate,rectangle,brown,unisex,yes,no,green,aviator,single vision,mirror coating,3+ years,no,Aeon Mall Nilai,Nilai,low_stock,4.7,no,yes
P0207,Bausch & Lomb Luxe Sunglasses 207,Sunglasses,Luxury Sunglasses,Burberry,1191.82,Luxury sunglasses with UV protection,acetate,square,tortoise,men,yes,no,black,square,plano,photochromic,2 years,no,Mitsui Outlet Park,Sepang,in_stock,4.4,yes,yes
P0208,Persol Luxe Sunglasses 208,Sunglasses,Luxury Sunglasses,Oliver Peoples,532.79,Luxury sunglasses with UV protection,acetate,square,gold,men,yes,no,black,oversized,single vision,anti-reflective,2 years,no,Lalaport Bukit Bintang,Kuala Lumpur,low_stock,4.9,no,no
P0209,Acuvue Luxe Sunglasses 209,Sunglasses,Luxury Sunglasses,Bottega Veneta,508.47,Luxury sunglasses with UV protection,metal,round,tortoise,unisex,yes,yes,brown,oversized,plano,polarized coating,1 year,no,Melawati Mall,Kuala Lumpur,in_stock,4.6,yes,no
P0210,Prada Luxe Sunglasses 210,Sunglasses,Luxury Sunglasses,Dior,902.25,Luxury sunglasses with UV protection,metal,rectangle,black,unisex,yes,yes,gradient,square,progressive,mirror coating,3+ years,yes,Mitsui Outlet Park,Sepang,low_stock,4.4,no,no
P0211,Cartier Luxe Sunglasses 211,Sunglasses,Luxury Sunglasses,Bossini,907.87,Luxury sunglasses with UV protection,titanium,aviator,black,unisex,yes,no,brown,round,single vision,photochromic,1 year,no,Aeon Mall Nilai,Nilai,in_stock,4.4,no,no
P0212,Bausch & Lomb Luxe Sunglasses 212,Sunglasses,Luxury Sunglasses,Prada,852.91,Luxury sunglasses with UV protection,metal,aviator,black,men,yes,yes,gradient,aviator,single vision,photochromic,3+ years,no,Melawati Mall,Kuala Lumpur,in_stock,4.8,yes,no
P0213,Gucci Luxe Sunglasses 213,Sunglasses,Luxury Sunglasses,Oliver Peoples,561.85,Luxury sunglasses with UV protection,titanium,square,tortoise,men,yes,no,green,square,plano,photochromic,2 years,no,Mitsui Outlet Park,Sepang,low_stock,4.1,yes,yes
P0214,RayBan Luxe Sunglasses 214,Sunglasses,Luxury Sunglasses,Versace,743.38,Luxury sunglasses with UV protection,acetate,round,black,men,yes,no,green,oversized,single vision,mirror coating,1 year,no,Mitsui Outlet Park,Sepang,in_stock,4.5,no,yes
P0215,Oakley Luxe Sunglasses 215,Sunglasses,Luxury Sunglasses,Bottega Veneta,1190.52,Luxury sunglasses with UV protection,metal,square,silver,men,yes,yes,gradient,aviator,plano,polarized coating,1 year,no,Aeon Mall Nilai,Nilai,in_stock,4.1,no,no
P0216,Gentle Monster Luxe Sunglasses 216,Sunglasses,Luxury Sunglasses,Prada,913.26,Luxury sunglasses with UV protection,titanium,square,black,unisex,yes,yes,brown,round,plano,anti-reflective,2 years,no,Lalaport Bukit Bintang,Kuala Lumpur,low_stock,4.7,yes,no
P0217,Burberry Luxe Sunglasses 217,Sunglasses,Luxury Sunglasses,Cartier,1117.27,Luxury sunglasses with UV protection,acetate,round,brown,unisex,yes,no,black,round,plano,anti-reflective,2 years,no,Mitsui Outlet Park,Sepang,low_stock,4.7,yes,no
P0218,Versace Luxe Sunglasses 218,Sunglasses,Luxury Sunglasses,Bausch & Lomb,880.8,Luxury sunglasses with UV protection,titanium,cat-eye,tortoise,unisex,yes,yes,black,oversized,single vision,photochromic,1 year,no,Aeon Mall Nilai,Nilai,in_stock,4.7,no,yes
P0219,Projekt Produkt Luxe Sunglasses 219,Sunglasses,Luxury Sunglasses,Gentle Monster,490.19,Luxury sunglasses with UV protection,metal,cat-eye,black,unisex,yes,yes,black,square,plano,polarized coating,2 years,no,Lalaport Bukit Bintang,Kuala Lumpur,in_stock,4.3,no,no
P0220,Projekt Produkt Luxe Sunglasses 220,Sunglasses,Luxury Sunglasses,Cartier,413.35,Luxury sunglasses with UV protection,acetate,round,tortoise,men,yes,yes,green,round,progressive,polarized coating,3+ years,yes,Lalaport Bukit Bintang,Kuala Lumpur,low_stock,4.6,no,no
P0221,Cartier Luxe Sunglasses 221,Sunglasses,Luxury Sunglasses,Bausch & Lomb,830.12,Luxury sunglasses with UV protection,acetate,aviator,black,women,yes,yes,brown,oversized,single vision,photochromic,2 years,no,Mitsui Outlet Park,Sepang,low_stock,4.4,yes,no
P0222,Versace Luxe Sunglasses 222,Sunglasses,Luxury Sunglasses,Saint Laurent,595.58,Luxury sunglasses with UV protection,metal,round,silver,unisex,yes,yes,black,oversized,plano,polarized coating,2 years,no,Mitsui Outlet Park,Sepang,in_stock,4.0,yes,yes
P0223,Projekt Produkt Luxe Sunglasses 223,Sunglasses,Luxury Sunglasses,Persol,818.4,Luxury sunglasses with UV protection,titanium,aviator,gold,women,yes,yes,black,aviator,plano,hydrophobic coating,1 year,no,Lalaport Bukit Bintang,Kuala Lumpur,in_stock,4.3,no,no
P0224,Dior Luxe Sunglasses 224,Sunglasses,Luxury Sunglasses,Cartier,796.92,Luxury sunglasses with UV protection,titanium,aviator,black,women,yes,yes,black,oversized,plano,polarized coating,3+ years,no,Aeon Mall Nilai,Nilai,low_stock,4.7,yes,yes
P0225,Saint Laurent Luxe Sunglasses 225,Sunglasses,Luxury Sunglasses,Gucci,595.64,Luxury sunglasses with UV protection,metal,aviator,silver,men,yes,yes,green,round,single vision,photochromic,1 year,no,Aeon Mall Nilai,Nilai,in_stock,4.3,no,no
P0226,Cartier Luxe Sunglasses 226,Sunglasses,Luxury Sunglasses,Persol,495.52,Luxury sunglasses with UV protection,titanium,round,gold,men,yes,yes,gradient,aviator,single vision,anti-reflective,3+ years,no,Melawati Mall,Kuala Lumpur,low_stock,4.8,no,no
P0227,Bausch & Lomb Luxe Sunglasses 227,Sunglasses,Luxury Sunglasses,Bossini,406.38,Luxury sunglasses with UV protection,acetate,aviator,brown,women,yes,yes,gradient,square,plano,mirror coating,1 year,no,Aeon Mall Nilai,Nilai,low_stock,4.9,yes,yes
P0228,Gucci Luxe Sunglasses 228,Sunglasses,Luxury Sunglasses,Oliver Peoples,419.13,Luxury sunglasses with UV protection,titanium,aviator,black,women,yes,yes,gradient,square,single vision,polarized coating,2 years,no,Lalaport Bukit Bintang,Kuala Lumpur,in_stock,4.2,yes,no
P0229,Saint Laurent Luxe Sunglasses 229,Sunglasses,Luxury Sunglasses,Prada,969.32,Luxury sunglasses with UV protection,acetate,round,gold,unisex,yes,no,black,round,plano,mirror coating,1 year,no,Mitsui Outlet Park,Sepang,in_stock,4.5,yes,no
P0230,Saint Laurent Luxe Sunglasses 230,Sunglasses,Luxury Sunglasses,Oliver Peoples,929.96,Luxury sunglasses with UV protection,acetate,square,tortoise,women,yes,no,gradient,square,single vision,mirror coating,1 year,no,Aeon Mall Nilai,Nilai,low_stock,4.4,yes,yes
P0231,Prada Luxe Sunglasses 231,Sunglasses,Luxury Sunglasses,Bottega Veneta,524.33,Luxury sunglasses with UV protection,acetate,rectangle,silver,women,yes,no,green,square,progressive,mirror coating,3+ years,yes,Lalaport Bukit Bintang,Kuala Lumpur,in_stock,4.4,no,no
P0232,Cartier Luxe Sunglasses 232,Sunglasses,Luxury Sunglasses,Tom Ford,1046.08,Luxury sunglasses with UV protection,metal,cat-eye,black,men,yes,no,brown,aviator,single vision,mirror coating,2 years,no,Aeon Mall Nilai,Nilai,in_stock,4.9,no,yes
P0233,Dior Luxe Sunglasses 233,Sunglasses,Luxury Sunglasses,Tom Ford,424.87,Luxury sunglasses with UV protection,metal,rectangle,brown,unisex,yes,yes,green,round,single vision,hydrophobic coating,2 years,no,Melawati Mall,Kuala Lumpur,in_stock,4.7,yes,yes
P0234,Saint Laurent Luxe Sunglasses 234,Sunglasses,Luxury Sunglasses,Versace,504.57,Luxury sunglasses with UV protection,metal,aviator,black,unisex,yes,no,green,aviator,single vision,mirror coating,3+ years,no,Aeon Mall Nilai,Nilai,in_stock,4.2,no,yes
P0235,Oakley Luxe Sunglasses 235,Sunglasses,Luxury Sunglasses,Bottega Veneta,434.16,Luxury sunglasses with UV protection,metal,round,gold,unisex,yes,no,gradient,round,plano,polarized coating,3+ years,no,Aeon Mall Nilai,Nilai,in_stock,4.3,no,yes
P0236,Burberry Luxe Sunglasses 236,Sunglasses,Luxury Sunglasses,Tom Ford,619.99,Luxury sunglasses with UV protection,metal,square,black,unisex,yes,yes,black,round,plano,polarized coating,3+ years,no,Melawati Mall,Kuala Lumpur,low_stock,4.8,no,yes
P0237,Dior Luxe Sunglasses 237,Sunglasses,Luxury Sunglasses,Gentle Monster,509.79,Luxury sunglasses with UV protection,acetate,cat-eye,gold,unisex,yes,yes,gradient,square,plano,mirror coating,1 year,no,Aeon Mall Nilai,Nilai,low_stock,4.5,no,no
P0238,Gentle Monster Luxe Sunglasses 238,Sunglasses,Luxury Sunglasses,Dior,543.85,Luxury sunglasses with UV protection,metal,cat-eye,gold,men,yes,no,green,round,plano,polarized coating,2 years,no,Melawati Mall,Kuala Lumpur,low_stock,4.7,yes,yes
P0239,Versace Luxe Sunglasses 239,Sunglasses,Luxury Sunglasses,Versace,613.22,Luxury sunglasses with UV protection,titanium,round,gold,unisex,yes,no,black,oversized,single vision,polarized coating,3+ years,no,Aeon Mall Nilai,Nilai,in_stock,4.2,no,no
P0240,Persol Luxe Sunglasses 240,Sunglasses,Luxury Sunglasses,Prada,850.49,Luxury sunglasses with UV protection,acetate,rectangle,brown,women,yes,yes,gradient,aviator,single vision,photochromic,1 year,no,Aeon Mall Nilai,Nilai,in_stock,4.1,yes,yes
P0241,Gucci Luxe Sunglasses 241,Sunglasses,Luxury Sunglasses,Oakley,1134.32,Luxury sunglasses with UV protection,acetate,square,tortoise,unisex,yes,yes,black,aviator,single vision,polarized coating,1 year,no,Mitsui Outlet Park,Sepang,in_stock,4.1,yes,yes
P0242,Cartier Luxe Sunglasses 242,Sunglasses,Luxury Sunglasses,Persol,963.63,Luxury sunglasses with UV protection,titanium,rectangle,brown,men,yes,no,black,square,plano,hydrophobic coating,3+ years,no,Melawati Mall,Kuala Lumpur,in_stock,4.9,no,no
P0243,Tom Ford Luxe Sunglasses 243,Sunglasses,Luxury Sunglasses,Bausch & Lomb,954.85,Luxury sunglasses with UV protection,titanium,aviator,gold,unisex,yes,yes,gradient,square,single vision,polarized coating,2 years,no,Melawati Mall,Kuala Lumpur,low_stock,4.1,yes,no
P0244,Tom Ford Luxe Sunglasses 244,Sunglasses,Luxury Sunglasses,Oakley,1136.83,Luxury sunglasses with UV protection,titanium,square,brown,men,yes,no,brown,square,plano,polarized coating,2 years,no,Aeon Mall Nilai,Nilai,in_stock,4.2,no,yes
P0245,Oakley Luxe Sunglasses 245,Sunglasses,Luxury Sunglasses,Bossini,409.12,Luxury sunglasses with UV protection,acetate,square,black,women,yes,no,green,aviator,plano,photochromic,3+ years,no,Aeon Mall Nilai,Nilai,in_stock,4.3,no,yes
P0246,Projekt Produkt Luxe Sunglasses 246,Sunglasses,Luxury Sunglasses,Gentle Monster,680.98,Luxury sunglasses with UV protection,metal,round,silver,unisex,yes,yes,brown,round,single vision,anti-reflective,2 years,no,Mitsui Outlet Park,Sepang,in_stock,4.7,yes,no
P0247,Oakley Luxe Sunglasses 247,Sunglasses,Luxury Sunglasses,Dior,1161.33,Luxury sunglasses with UV protection,acetate,aviator,gold,women,yes,yes,green,aviator,progressive,polarized coating,2 years,yes,Aeon Mall Nilai,Nilai,low_stock,4.5,no,yes
P0248,Tom Ford Luxe Sunglasses 248,Sunglasses,Luxury Sunglasses,Oliver Peoples,525.68,Luxury sunglasses with UV protection,acetate,aviator,gold,men,yes,no,black,square,single vision,polarized coating,1 year,no,Mitsui Outlet Park,Sepang,low_stock,4.2,yes,no
P0249,Prada Luxe Sunglasses 249,Sunglasses,Luxury Sunglasses,Saint Laurent,688.66,Luxury sunglasses with UV protection,metal,round,tortoise,unisex,yes,no,brown,aviator,plano,polarized coating,2 years,no,Mitsui Outlet Park,Sepang,in_stock,4.2,no,yes
P0250,Bottega Veneta Luxe Sunglasses 250,Sunglasses,Luxury Sunglasses,RayBan,1027.9,Luxury sunglasses with UV protection,metal,rectangle,tortoise,men,yes,no,brown,square,single vision,mirror coating,1 year,no,Mitsui Outlet Park,Sepang,low_stock,4.3,no,yes
P0251,Bossini Luxe Sunglasses 251,Sunglasses,Luxury Sunglasses,Bossini,610.72,Luxury sunglasses with UV protection,metal,cat-eye,black,men,yes,yes,green,square,plano,mirror coating,3+ years,no,Melawati Mall,Kuala Lumpur,low_stock,4.9,yes,yes
P0252,Acuvue Luxe Sunglasses 252,Sunglasses,Luxury Sunglasses,Oliver Peoples,1172.5,Luxury sunglasses with UV protection,titanium,rectangle,brown,men,yes,no,black,aviator,single vision,polarized coating,3+ years,no,Mitsui Outlet Park,Sepang,low_stock,4.8,yes,yes
P0253,Bossini Luxe Sunglasses 253,Sunglasses,Luxury Sunglasses,Tom Ford,1159.25,Luxury sunglasses with UV protection,acetate,square,gold,men,yes,yes,gradient,aviator,single vision,polarized coating,1 year,no,Aeon Mall Nilai,Nilai,low_stock,4.2,yes,no
P0254,Cartier Luxe Sunglasses 254,Sunglasses,Luxury Sunglasses,Cartier,710.48,Luxury sunglasses with UV protection,metal,cat-eye,tortoise,women,yes,no,green,round,plano,mirror coating,1 year,no,Melawati Mall,Kuala Lumpur,in_stock,4.4,yes,yes
P0255,Bottega Veneta Luxe Sunglasses 255,Sunglasses,Luxury Sunglasses,RayBan,1093.98,Luxury sunglasses with UV protection,metal,rectangle,tortoise,women,yes,no,gradient,aviator,plano,hydrophobic coating,3+ years,no,Aeon Mall Nilai,Nilai,in_stock,4.2,yes,no
P0256,Gentle Monster Luxe Sunglasses 256,Sunglasses,Luxury Sunglasses,Oakley,952.41,Luxury sunglasses with UV protection,acetate,rectangle,tortoise,women,yes,yes,black,square,plano,mirror coating,1 year,no,Aeon Mall Nilai,Nilai,low_stock,4.3,no,yes
P0257,Prada Luxe Sunglasses 257,Sunglasses,Luxury Sunglasses,RayBan,1179.38,Luxury sunglasses with UV protection,metal,aviator,tortoise,unisex,yes,no,green,oversized,progressive,mirror coating,2 years,yes,Lalaport Bukit Bintang,Kuala Lumpur,low_stock,4.2,no,no
P0258,Saint Laurent Luxe Sunglasses 258,Sunglasses,Luxury Sunglasses,Acuvue,1033.19,Luxury sunglasses with UV protection,acetate,aviator,brown,women,yes,yes,green,oversized,plano,polarized coating,2 years,no,Melawati Mall,Kuala Lumpur,in_stock,4.8,yes,yes
P0259,Saint Laurent Luxe Sunglasses 259,Sunglasses,Luxury Sunglasses,Bossini,440.45,Luxury sunglasses with UV protection,metal,square,tortoise,women,yes,no,gradient,aviator,single vision,polarized coating,2 years,no,Lalaport Bukit Bintang,Kuala Lumpur,in_stock,4.2,no,no
P0260,Projekt Produkt Luxe Sunglasses 260,Sunglasses,Luxury Sunglasses,Bausch & Lomb,679.81,Luxury sunglasses with UV protection,acetate,aviator,black,women,yes,yes,gradient,aviator,single vision,polarized coating,1 year,no,Lalaport Bukit Bintang,Kuala Lumpur,in_stock,4.8,yes,yes
P0261,Burberry Luxe Sunglasses 261,Sunglasses,Luxury Sunglasses,Dior,921.27,Luxury sunglasses with UV protection,titanium,round,black,women,yes,yes,brown,aviator,plano,photochromic,2 years,no,Lalaport Bukit Bintang,Kuala Lumpur,in_stock,4.2,no,no
P0262,Gentle Monster Luxe Sunglasses 262,Sunglasses,Luxury Sunglasses,Persol,767.2,Luxury sunglasses with UV protection,acetate,rectangle,tortoise,unisex,yes,no,green,aviator,plano,anti-reflective,1 year,no,Mitsui Outlet Park,Sepang,low_stock,4.5,no,no
P0263,Projekt Produkt Luxe Sunglasses 263,Sunglasses,Luxury Sunglasses,Cartier,669.03,Luxury sunglasses with UV protection,metal,aviator,tortoise,women,yes,no,brown,oversized,progressive,anti-reflective,2 years,yes,Aeon Mall Nilai,Nilai,in_stock,4.8,no,no
P0264,Gucci Luxe Sunglasses 264,Sunglasses,Luxury Sunglasses,Projekt Produkt,1197.98,Luxury sunglasses with UV protection,metal,rectangle,silver,women,yes,yes,brown,square,plano,hydrophobic coating,1 year,no,Lalaport Bukit Bintang,Kuala Lumpur,in_stock,4.6,no,no
P0265,Tom Ford Luxe Sunglasses 265,Sunglasses,Luxury Sunglasses,Bausch & Lomb,544.91,Luxury sunglasses with UV protection,acetate,rectangle,gold,unisex,yes,no,brown,square,plano,hydrophobic coating,2 years,no,Melawati Mall,Kuala Lumpur,in_stock,4.2,yes,no
P0266,Oakley Luxe Sunglasses 266,Sunglasses,Luxury Sunglasses,Persol,608.45,Luxury sunglasses with UV protection,metal,rectangle,black,women,yes,yes,green,round,single vision,hydrophobic coating,2 years,no,Mitsui Outlet Park,Sepang,in_stock,4.5,no,no
P0267,Saint Laurent Luxe Sunglasses 267,Sunglasses,Luxury Sunglasses,Prada,509.89,Luxury sunglasses with UV protection,acetate,aviator,silver,unisex,yes,no,brown,square,single vision,polarized coating,1 year,no,Mitsui Outlet Park,Sepang,in_stock,4.7,no,no
P0268,Oakley Luxe Sunglasses 268,Sunglasses,Luxury Sunglasses,Saint Laurent,403.77,Luxury sunglasses with UV protection,metal,square,gold,unisex,yes,yes,gradient,aviator,progressive,polarized coating,1 year,yes,Lalaport Bukit Bintang,Kuala Lumpur,in_stock,4.6,no,no
P0269,Projekt Produkt Luxe Sunglasses 269,Sunglasses,Luxury Sunglasses,Gentle Monster,403.74,Luxury sunglasses with UV protection,titanium,square,tortoise,men,yes,no,brown,aviator,plano,polarized coating,1 year,no,Mitsui Outlet Park,Sepang,in_stock,4.6,yes,yes
P0270,RayBan Luxe Sunglasses 270,Sunglasses,Luxury Sunglasses,Prada,482.17,Luxury sunglasses with UV protection,titanium,cat-eye,tortoise,men,yes,yes,green,square,plano,mirror coating,1 year,no,Melawati Mall,Kuala Lumpur,low_stock,4.4,no,no
P0271,Oakley Luxe Sunglasses 271,Sunglasses,Luxury Sunglasses,Projekt Produkt,687.4,Luxury sunglasses with UV protection,acetate,square,silver,men,yes,yes,brown,oversized,plano,polarized coating,1 year,no,Lalaport Bukit Bintang,Kuala Lumpur,in_stock,4.7,yes,yes
P0272,Saint Laurent Luxe Sunglasses 272,Sunglasses,Luxury Sunglasses,Gentle Monster,1101.24,Luxury sunglasses with UV protection,metal,cat-eye,brown,men,yes,yes,green,aviator,plano,anti-reflective,3+ years,no,Melawati Mall,Kuala Lumpur,in_stock,4.6,no,no
P0273,Bottega Veneta Luxe Sunglasses 273,Sunglasses,Luxury Sunglasses,Bausch & Lomb,602.19,Luxury sunglasses with UV protection,titanium,square,gold,unisex,yes,yes,black,round,plano,mirror coating,2 years,no,Mitsui Outlet Park,Sepang,in_stock,4.6,no,yes
P0274,Bottega Veneta Luxe Sunglasses 274,Sunglasses,Luxury Sunglasses,Acuvue,975.01,Luxury sunglasses with UV protection,acetate,aviator,black,men,yes,no,brown,oversized,plano,mirror coating,3+ years,no,Mitsui Outlet Park,Sepang,low_stock,4.7,yes,no
P0275,RayBan Luxe Sunglasses 275,Sunglasses,Luxury Sunglasses,Tom Ford,431.52,Luxury sunglasses with UV protection,metal,square,silver,women,yes,yes,green,aviator,plano,polarized coating,3+ years,no,Mitsui Outlet Park,Sepang,in_stock,4.8,no,yes
P0276,Acuvue Luxe Sunglasses 276,Sunglasses,Luxury Sunglasses,Cartier,978.85,Luxury sunglasses with UV protection,acetate,aviator,gold,women,yes,no,black,round,plano,polarized coating,1 year,no,Aeon Mall Nilai,Nilai,in_stock,4.1,yes,yes
P0277,Persol Luxe Sunglasses 277,Sunglasses,Luxury Sunglasses,Oakley,740.8,Luxury sunglasses with UV protection,acetate,round,black,men,yes,yes,brown,square,plano,polarized coating,2 years,no,Melawati Mall,Kuala Lumpur,low_stock,4.8,no,yes
P0278,Oakley Luxe Sunglasses 278,Sunglasses,Luxury Sunglasses,Tom Ford,491.07,Luxury sunglasses with UV protection,metal,rectangle,tortoise,women,yes,no,gradient,oversized,single vision,anti-reflective,3+ years,no,Melawati Mall,Kuala Lumpur,in_stock,4.1,yes,yes
P0279,Oliver Peoples Luxe Sunglasses 279,Sunglasses,Luxury Sunglasses,Projekt Produkt,1041.81,Luxury sunglasses with UV protection,titanium,rectangle,gold,unisex,yes,no,black,aviator,single vision,mirror coating,2 years,no,Aeon Mall Nilai,Nilai,in_stock,4.4,no,yes
P0280,Bossini Luxe Sunglasses 280,Sunglasses,Luxury Sunglasses,Saint Laurent,450.67,Luxury sunglasses with UV protection,titanium,aviator,black,unisex,yes,yes,black,aviator,plano,photochromic,2 years,no,Mitsui Outlet Park,Sepang,low_stock,4.6,yes,no
P0281,Gentle Monster Luxe Sunglasses 281,Sunglasses,Luxury Sunglasses,Prada,1071.23,Luxury sunglasses with UV protection,titanium,cat-eye,black,men,yes,yes,gradient,round,plano,polarized coating,2 years,no,Melawati Mall,Kuala Lumpur,in_stock,4.1,no,no
P0282,Oakley Luxe Sunglasses 282,Sunglasses,Luxury Sunglasses,Dior,440.28,Luxury sunglasses with UV protection,acetate,cat-eye,silver,women,yes,yes,green,round,plano,polarized coating,1 year,no,Lalaport Bukit Bintang,Kuala Lumpur,low_stock,4.7,no,yes
P0283,Bossini Luxe Sunglasses 283,Sunglasses,Luxury Sunglasses,Oakley,494.97,Luxury sunglasses with UV protection,metal,round,black,women,yes,no,green,aviator,plano,mirror coating,2 years,no,Mitsui Outlet Park,Sepang,in_stock,4.7,no,yes
P0284,Oakley Luxe Sunglasses 284,Sunglasses,Luxury Sunglasses,Persol,1060.25,Luxury sunglasses with UV protection,acetate,rectangle,tortoise,unisex,yes,no,black,round,plano,photochromic,3+ years,no,Mitsui Outlet Park,Sepang,in_stock,4.1,yes,yes
P0285,Persol Luxe Sunglasses 285,Sunglasses,Luxury Sunglasses,RayBan,838.15,Luxury sunglasses with UV protection,metal,round,black,men,yes,no,brown,round,plano,photochromic,3+ years,no,Melawati Mall,Kuala Lumpur,in_stock,4.2,yes,yes
P0286,Gentle Monster Luxe Sunglasses 286,Sunglasses,Luxury Sunglasses,Burberry,765.64,Luxury sunglasses with UV protection,acetate,aviator,black,women,yes,yes,green,round,plano,polarized coating,1 year,no,Aeon Mall Nilai,Nilai,low_stock,4.6,yes,no
P0287,Acuvue Luxe Sunglasses 287,Sunglasses,Luxury Sunglasses,Saint Laurent,842.58,Luxury sunglasses with UV protection,metal,cat-eye,silver,unisex,yes,yes,brown,oversized,plano,hydrophobic coating,2 years,no,Aeon Mall Nilai,Nilai,in_stock,4.3,no,no
P0288,Versace Luxe Sunglasses 288,Sunglasses,Luxury Sunglasses,Dior,718.3,Luxury sunglasses with UV protection,metal,aviator,silver,men,yes,yes,gradient,square,plano,polarized coating,1 year,no,Mitsui Outlet Park,Sepang,low_stock,4.6,yes,yes
P0289,RayBan Luxe Sunglasses 289,Sunglasses,Luxury Sunglasses,Persol,1136.95,Luxury sunglasses with UV protection,acetate,square,brown,unisex,yes,no,green,square,plano,anti-reflective,3+ years,no,Lalaport Bukit Bintang,Kuala Lumpur,low_stock,4.5,no,no
P0290,Gucci Luxe Sunglasses 290,Sunglasses,Luxury Sunglasses,Acuvue,485.18,Luxury sunglasses with UV protection,metal,square,black,unisex,yes,yes,brown,square,plano,polarized coating,1 year,no,Mitsui Outlet Park,Sepang,in_stock,4.9,no,yes
P0291,RayBan Luxe Sunglasses 291,Sunglasses,Luxury Sunglasses,Burberry,1002.88,Luxury sunglasses with UV protection,acetate,aviator,silver,men,yes,yes,gradient,oversized,single vision,polarized coating,3+ years,no,Aeon Mall Nilai,Nilai,low_stock,4.6,yes,no
P0292,Oliver Peoples Luxe Sunglasses 292,Sunglasses,Luxury Sunglasses,Oakley,1172.67,Luxury sunglasses with UV protection,acetate,round,tortoise,men,yes,no,brown,square,single vision,anti-reflective,3+ years,no,Mitsui Outlet Park,Sepang,in_stock,4.7,yes,no
P0293,Tom Ford Luxe Sunglasses 293,Sunglasses,Luxury Sunglasses,Cartier,549.58,Luxury sunglasses with UV protection,acetate,cat-eye,black,women,yes,yes,gradient,square,single vision,polarized coating,1 year,no,Mitsui Outlet Park,Sepang,low_stock,4.1,no,yes
P0294,Bossini Luxe Sunglasses 294,Sunglasses,Luxury Sunglasses,Prada,431.95,Luxury sunglasses with UV protection,metal,cat-eye,black,unisex,yes,no,gradient,square,plano,mirror coating,1 year,no,Melawati Mall,Kuala Lumpur,in_stock,4.7,no,yes
P0295,Acuvue Luxe Sunglasses 295,Sunglasses,Luxury Sunglasses,Cartier,1029.01,Luxury sunglasses with UV protection,acetate,rectangle,brown,unisex,yes,no,green,square,single vision,mirror coating,3+ years,no,Lalaport Bukit Bintang,Kuala Lumpur,in_stock,4.8,no,no
P0296,RayBan Luxe Sunglasses 296,Sunglasses,Luxury Sunglasses,Burberry,1160.25,Luxury sunglasses with UV protection,titanium,cat-eye,silver,unisex,yes,yes,green,square,plano,polarized coating,1 year,no,Melawati Mall,Kuala Lumpur,low_stock,4.2,yes,yes
P0297,Gentle Monster Luxe Sunglasses 297,Sunglasses,Luxury Sunglasses,Bottega Veneta,708.7,Luxury sunglasses with UV protection,titanium,aviator,black,unisex,yes,no,gradient,round,plano,photochromic,2 years,no,Melawati Mall,Kuala Lumpur,in_stock,4.3,yes,no
P0298,Bottega Veneta Luxe Sunglasses 298,Sunglasses,Luxury Sunglasses,Tom Ford,1177.3,Luxury sunglasses with UV protection,titanium,cat-eye,black,unisex,yes,yes,brown,oversized,single vision,anti-reflective,3+ years,no,Aeon Mall Nilai,Nilai,low_stock,4.8,yes,no
P0299,Prada Luxe Sunglasses 299,Sunglasses,Luxury Sunglasses,Gucci,767.38,Luxury sunglasses with UV protection,metal,round,black,men,yes,yes,brown,square,plano,anti-reflective,2 years,no,Aeon Mall Nilai,Nilai,in_stock,4.5,yes,no
P0300,Gentle Monster Luxe Sunglasses 300,Sunglasses,Luxury Sunglasses,Bossini,904.17,Luxury sunglasses with UV protection,metal,aviator,black,women,yes,yes,green,aviator,plano,polarized coating,1 year,no,Mitsui Outlet Park,Sepang,in_stock,4.6,yes,no
P0301,RayBan Luxe Sunglasses 301,Sunglasses,Luxury Sunglasses,RayBan,885.25,Luxury sunglasses with UV protection,metal,rectangle,silver,women,yes,yes,gradient,oversized,single vision,mirror coating,2 years,no,Aeon Mall Nilai,Nilai,in_stock,4.1,no,no
P0302,RayBan Luxe Sunglasses 302,Sunglasses,Luxury Sunglasses,Persol,1165.91,Luxury sunglasses with UV protection,acetate,cat-eye,brown,men,yes,yes,green,aviator,single vision,polarized coating,1 year,no,Lalaport Bukit Bintang,Kuala Lumpur,low_stock,4.5,yes,no
P0303,Persol Luxe Sunglasses 303,Sunglasses,Luxury Sunglasses,Burberry,730.12,Luxury sunglasses with UV protection,titanium,cat-eye,gold,men,yes,yes,brown,square,progressive,polarized coating,3+ years,yes,Lalaport Bukit Bintang,Kuala Lumpur,in_stock,4.1,yes,no
P0304,RayBan Luxe Sunglasses 304,Sunglasses,Luxury Sunglasses,Cartier,600.55,Luxury sunglasses with UV protection,acetate,cat-eye,silver,women,yes,no,brown,oversized,plano,polarized coating,1 year,no,Aeon Mall Nilai,Nilai,in_stock,4.3,yes,yes
P0305,Projekt Produkt Luxe Sunglasses 305,Sunglasses,Luxury Sunglasses,Bossini,662.68,Luxury sunglasses with UV protection,titanium,aviator,brown,men,yes,no,black,round,plano,hydrophobic coating,1 year,no,Melawati Mall,Kuala Lumpur,in_stock,4.0,yes,yes
P0306,Dior Luxe Sunglasses 306,Sunglasses,Luxury Sunglasses,Persol,507.44,Luxury sunglasses with UV protection,titanium,aviator,silver,women,yes,no,black,square,single vision,anti-reflective,1 year,no,Mitsui Outlet Park,Sepang,low_stock,4.5,yes,yes
P0307,Prada Luxe Sunglasses 307,Sunglasses,Luxury Sunglasses,Bausch & Lomb,557.15,Luxury sunglasses with UV protection,titanium,round,black,men,yes,yes,gradient,oversized,plano,photochromic,3+ years,no,Melawati Mall,Kuala Lumpur,in_stock,4.5,no,yes
P0308,Gentle Monster Luxe Sunglasses 308,Sunglasses,Luxury Sunglasses,Versace,1113.15,Luxury sunglasses with UV protection,titanium,aviator,gold,women,yes,yes,gradient,square,single vision,mirror coating,1 year,no,Melawati Mall,Kuala Lumpur,in_stock,4.6,yes,yes
P0309,Tom Ford Luxe Sunglasses 309,Sunglasses,Luxury Sunglasses,Tom Ford,853.09,Luxury sunglasses with UV protection,titanium,square,silver,women,yes,yes,brown,round,plano,mirror coating,3+ years,no,Mitsui Outlet Park,Sepang,in_stock,4.1,no,yes
P0310,Burberry Luxe Sunglasses 310,Sunglasses,Luxury Sunglasses,Acuvue,1126.18,Luxury sunglasses with UV protection,metal,rectangle,silver,women,yes,yes,green,square,plano,mirror coating,2 years,no,Aeon Mall Nilai,Nilai,in_stock,4.6,no,no
P0311,Gentle Monster Luxe Sunglasses 311,Sunglasses,Luxury Sunglasses,Gentle Monster,692.24,Luxury sunglasses with UV protection,titanium,round,brown,women,yes,no,brown,round,plano,mirror coating,3+ years,no,Lalaport Bukit Bintang,Kuala Lumpur,low_stock,4.7,no,no
P0312,Gucci Luxe Sunglasses 312,Sunglasses,Luxury Sunglasses,Acuvue,1105.63,Luxury sunglasses with UV protection,metal,square,gold,men,yes,no,brown,oversized,single vision,mirror coating,3+ years,no,Mitsui Outlet Park,Sepang,in_stock,4.1,yes,yes
P0313,Oakley Luxe Sunglasses 313,Sunglasses,Luxury Sunglasses,Bottega Veneta,785.21,Luxury sunglasses with UV protection,metal,rectangle,gold,unisex,yes,yes,gradient,aviator,plano,polarized coating,3+ years,no,Mitsui Outlet Park,Sepang,in_stock,4.0,yes,yes
P0314,Prada Luxe Sunglasses 314,Sunglasses,Luxury Sunglasses,Saint Laurent,533.07,Luxury sunglasses with UV protection,acetate,cat-eye,silver,unisex,yes,yes,black,aviator,plano,polarized coating,3+ years,no,Aeon Mall Nilai,Nilai,in_stock,4.4,no,no
P0315,Versace Luxe Sunglasses 315,Sunglasses,Luxury Sunglasses,Oliver Peoples,880.67,Luxury sunglasses with UV protection,titanium,square,brown,unisex,yes,no,brown,square,plano,hydrophobic coating,1 year,no,Lalaport Bukit Bintang,Kuala Lumpur,low_stock,4.5,yes,yes
P0316,Gentle Monster Luxe Sunglasses 316,Sunglasses,Luxury Sunglasses,Prada,486.86,Luxury sunglasses with UV protection,acetate,cat-eye,brown,unisex,yes,no,brown,aviator,plano,mirror coating,3+ years,no,Mitsui Outlet Park,Sepang,in_stock,4.4,yes,yes
P0317,Projekt Produkt Luxe Sunglasses 317,Sunglasses,Luxury Sunglasses,Prada,1121.59,Luxury sunglasses with UV protection,titanium,round,silver,unisex,yes,no,black,aviator,plano,hydrophobic coating,2 years,no,Aeon Mall Nilai,Nilai,low_stock,4.2,no,no
P0318,Bottega Veneta Luxe Sunglasses 318,Sunglasses,Luxury Sunglasses,Oliver Peoples,507.11,Luxury sunglasses with UV protection,metal,square,black,women,yes,no,black,oversized,single vision,polarized coating,2 years,no,Melawati Mall,Kuala Lumpur,in_stock,4.6,yes,yes
P0319,Gentle Monster Luxe Sunglasses 319,Sunglasses,Luxury Sunglasses,Burberry,950.21,Luxury sunglasses with UV protection,metal,rectangle,tortoise,men,yes,yes,gradient,square,plano,mirror coating,3+ years,no,Aeon Mall Nilai,Nilai,low_stock,4.8,no,no
P0320,Gentle Monster Luxe Sunglasses 320,Sunglasses,Luxury Sunglasses,Burberry,730.58,Luxury sunglasses with UV protection,titanium,rectangle,gold,women,yes,no,black,square,single vision,polarized coating,3+ years,no,Melawati Mall,Kuala Lumpur,low_stock,4.7,no,yes
P0321,Versace Luxe Sunglasses 321,Sunglasses,Luxury Sunglasses,Bossini,1026.49,Luxury sunglasses with UV protection,acetate,round,gold,unisex,yes,no,black,aviator,single vision,polarized coating,2 years,no,Aeon Mall Nilai,Nilai,in_stock,4.4,yes,yes
P0322,Projekt Produkt Luxe Sunglasses 322,Sunglasses,Luxury Sunglasses,Oliver Peoples,470.51,Luxury sunglasses with UV protection,metal,square,tortoise,men,yes,yes,gradient,round,plano,polarized coating,2 years,no,Lalaport Bukit Bintang,Kuala Lumpur,low_stock,4.6,yes,yes
P0323,Bossini Luxe Sunglasses 323,Sunglasses,Luxury Sunglasses,Gucci,561.37,Luxury sunglasses with UV protection,titanium,cat-eye,tortoise,men,yes,yes,brown,oversized,plano,polarized coating,2 years,no,Mitsui Outlet Park,Sepang,in_stock,4.3,yes,yes
P0324,Dior Luxe Sunglasses 324,Sunglasses,Luxury Sunglasses,Gentle Monster,682.5,Luxury sunglasses with UV protection,metal,rectangle,brown,men,yes,yes,green,aviator,single vision,anti-reflective,1 year,no,Aeon Mall Nilai,Nilai,low_stock,4.7,no,no
P0325,Versace Luxe Sunglasses 325,Sunglasses,Luxury Sunglasses,Burberry,763.81,Luxury sunglasses with UV protection,metal,cat-eye,black,women,yes,yes,gradient,aviator,plano,polarized coating,1 year,no,Melawati Mall,Kuala Lumpur,in_stock,4.5,no,yes
P0326,Bausch & Lomb Luxe Sunglasses 326,Sunglasses,Luxury Sunglasses,Dior,955.35,Luxury sunglasses with UV protection,metal,cat-eye,silver,men,yes,no,gradient,round,plano,mirror coating,1 year,no,Melawati Mall,Kuala Lumpur,in_stock,4.4,no,yes
P0327,Versace Luxe Sunglasses 327,Sunglasses,Luxury Sunglasses,Versace,1040.13,Luxury sunglasses with UV protection,metal,aviator,brown,unisex,yes,yes,black,oversized,progressive,mirror coating,1 year,yes,Mitsui Outlet Park,Sepang,low_stock,4.1,no,yes
P0328,Projekt Produkt Luxe Sunglasses 328,Sunglasses,Luxury Sunglasses,Oakley,682.83,Luxury sunglasses with UV protection,titanium,aviator,gold,unisex,yes,yes,gradient,oversized,progressive,mirror coating,1 year,yes,Lalaport Bukit Bintang,Kuala Lumpur,in_stock,4.7,no,yes
P0329,Burberry Luxe Sunglasses 329,Sunglasses,Luxury Sunglasses,Versace,1069.07,Luxury sunglasses with UV protection,metal,square,black,men,yes,yes,gradient,aviator,single vision,mirror coating,3+ years,no,Lalaport Bukit Bintang,Kuala Lumpur,in_stock,4.8,no,no
P0330,Dior Luxe Sunglasses 330,Sunglasses,Luxury Sunglasses,Projekt Produkt,546.3,Luxury sunglasses with UV protection,titanium,aviator,silver,men,yes,yes,green,round,plano,polarized coating,2 years,no,Mitsui Outlet Park,Sepang,low_stock,4.8,yes,no
P0331,Tom Ford Luxe Sunglasses 331,Sunglasses,Luxury Sunglasses,Bossini,1181.21,Luxury sunglasses with UV protection,titanium,cat-eye,silver,women,yes,yes,green,oversized,single vision,hydrophobic coating,3+ years,no,Mitsui Outlet Park,Sepang,low_stock,4.5,no,no
P0332,Tom Ford Luxe Sunglasses 332,Sunglasses,Luxury Sunglasses,Bausch & Lomb,610.28,Luxury sunglasses with UV protection,metal,rectangle,brown,women,yes,no,brown,round,single vision,anti-reflective,2 years,no,Melawati Mall,Kuala Lumpur,low_stock,4.2,no,no
P0333,Dior Luxe Sunglasses 333,Sunglasses,Luxury Sunglasses,Bossini,543.91,Luxury sunglasses with UV protection,acetate,cat-eye,gold,men,yes,no,brown,round,plano,photochromic,1 year,no,Mitsui Outlet Park,Sepang,low_stock,4.2,yes,no
P0334,Tom Ford Luxe Sunglasses 334,Sunglasses,Luxury Sunglasses,Oliver Peoples,799.68,Luxury sunglasses with UV protection,titanium,cat-eye,brown,unisex,yes,no,gradient,square,single vision,mirror coating,1 year,no,Aeon Mall Nilai,Nilai,low_stock,4.5,yes,no
P0335,Tom Ford Luxe Sunglasses 335,Sunglasses,Luxury Sunglasses,Saint Laurent,572.37,Luxury sunglasses with UV protection,metal,rectangle,black,women,yes,no,black,square,plano,polarized coating,1 year,no,Aeon Mall Nilai,Nilai,low_stock,4.5,no,no
P0336,Oliver Peoples Luxe Sunglasses 336,Sunglasses,Luxury Sunglasses,Bottega Veneta,680.87,Luxury sunglasses with UV protection,titanium,cat-eye,gold,unisex,yes,yes,black,square,plano,hydrophobic coating,3+ years,no,Aeon Mall Nilai,Nilai,low_stock,4.6,no,no
P0337,Gentle Monster Luxe Sunglasses 337,Sunglasses,Luxury Sunglasses,RayBan,771.0,Luxury sunglasses with UV protection,acetate,square,tortoise,women,yes,no,green,aviator,plano,polarized coating,1 year,no,Aeon Mall Nilai,Nilai,in_stock,4.3,no,no
P0338,Dior Luxe Sunglasses 338,Sunglasses,Luxury Sunglasses,Gentle Monster,617.0,Luxury sunglasses with UV protection,metal,aviator,brown,unisex,yes,no,gradient,oversized,plano,polarized coating,2 years,no,Melawati Mall,Kuala Lumpur,in_stock,4.8,yes,yes
P0339,Cartier Luxe Sunglasses 339,Sunglasses,Luxury Sunglasses,Burberry,533.53,Luxury sunglasses with UV protection,acetate,round,black,women,yes,yes,green,round,plano,polarized coating,3+ years,no,Melawati Mall,Kuala Lumpur,in_stock,4.1,yes,yes
P0340,RayBan Luxe Sunglasses 340,Sunglasses,Luxury Sunglasses,Versace,597.92,Luxury sunglasses with UV protection,metal,rectangle,gold,men,yes,yes,green,aviator,single vision,photochromic,3+ years,no,Mitsui Outlet Park,Sepang,low_stock,4.8,no,no
P0341,Bausch & Lomb Luxe Sunglasses 341,Sunglasses,Luxury Sunglasses,Dior,838.84,Luxury sunglasses with UV protection,acetate,cat-eye,gold,unisex,yes,no,gradient,square,progressive,mirror coating,1 year,yes,Mitsui Outlet Park,Sepang,low_stock,4.4,yes,yes
P0342,RayBan Luxe Sunglasses 342,Sunglasses,Luxury Sunglasses,Persol,729.76,Luxury sunglasses with UV protection,acetate,aviator,black,men,yes,yes,black,square,plano,photochromic,1 year,no,Mitsui Outlet Park,Sepang,low_stock,4.5,no,no
P0343,Gucci Luxe Sunglasses 343,Sunglasses,Luxury Sunglasses,Oliver Peoples,1038.37,Luxury sunglasses with UV protection,titanium,square,black,unisex,yes,no,brown,round,single vision,photochromic,1 year,no,Melawati Mall,Kuala Lumpur,low_stock,4.4,yes,no
P0344,Versace Luxe Sunglasses 344,Sunglasses,Luxury Sunglasses,Dior,463.37,Luxury sunglasses with UV protection,titanium,square,brown,unisex,yes,no,black,square,progressive,polarized coating,1 year,yes,Mitsui Outlet Park,Sepang,low_stock,4.2,yes,yes
P0345,RayBan Luxe Sunglasses 345,Sunglasses,Luxury Sunglasses,Bottega Veneta,909.51,Luxury sunglasses with UV protection,titanium,rectangle,tortoise,unisex,yes,no,brown,square,plano,hydrophobic coating,1 year,no,Lalaport Bukit Bintang,Kuala Lumpur,in_stock,4.1,yes,yes
P0346,RayBan Luxe Sunglasses 346,Sunglasses,Luxury Sunglasses,Dior,500.03,Luxury sunglasses with UV protection,metal,round,gold,men,yes,yes,green,round,plano,mirror coating,2 years,no,Aeon Mall Nilai,Nilai,in_stock,4.3,no,no
P0347,Bossini Luxe Sunglasses 347,Sunglasses,Luxury Sunglasses,Saint Laurent,664.2,Luxury sunglasses with UV protection,acetate,round,tortoise,women,yes,yes,gradient,oversized,plano,mirror coating,3+ years,no,Melawati Mall,Kuala Lumpur,in_stock,4.8,no,no
P0348,Bottega Veneta Luxe Sunglasses 348,Sunglasses,Luxury Sunglasses,Versace,707.84,Luxury sunglasses with UV protection,metal,square,black,men,yes,no,green,oversized,plano,polarized coating,2 years,no,Aeon Mall Nilai,Nilai,low_stock,4.4,no,no
P0349,Saint Laurent Luxe Sunglasses 349,Sunglasses,Luxury Sunglasses,Bausch & Lomb,816.74,Luxury sunglasses with UV protection,metal,rectangle,tortoise,men,yes,no,green,oversized,single vision,hydrophobic coating,2 years,no,Lalaport Bukit Bintang,Kuala Lumpur,in_stock,4.2,no,no
P0350,Tom Ford Luxe Sunglasses 350,Sunglasses,Luxury Sunglasses,Dior,867.76,Luxury sunglasses with UV protection,metal,square,black,men,yes,no,brown,square,plano,polarized coating,1 year,no,Aeon Mall Nilai,Nilai,in_stock,4.2,no,yes
P0351,Comfort Contact Lens 351,Contact Lenses,Contact Lenses,Acuvue,88.37,Soft disposable contact lenses,,,,unisex,N/A,N/A,N/A,,single vision,UV blocking,daily,yes,Melawati Mall,Kuala Lumpur,in_stock,4.4,no,no
P0352,Comfort Contact Lens 352,Contact Lenses,Contact Lenses,Acuvue,82.99,Soft disposable contact lenses,,,,unisex,N/A,N/A,N/A,,single vision,moisture retention,monthly,no,Mitsui Outlet Park,Sepang,in_stock,4.2,yes,no
P0353,Comfort Contact Lens 353,Contact Lenses,Contact Lenses,Bausch & Lomb,155.98,Soft disposable contact lenses,,,,unisex,N/A,N/A,N/A,,single vision,UV blocking,monthly,yes,Mitsui Outlet Park,Sepang,in_stock,4.4,no,no
P0354,Comfort Contact Lens 354,Contact Lenses,Contact Lenses,Acuvue,89.64,Soft disposable contact lenses,,,,unisex,N/A,N/A,N/A,,multifocal,UV blocking,daily,no,Melawati Mall,Kuala Lumpur,low_stock,4.7,no,no
P0355,Comfort Contact Lens 355,Contact Lenses,Contact Lenses,Bausch & Lomb,182.71,Soft disposable contact lenses,,,,unisex,N/A,N/A,N/A,,single vision,extended wear comfort,daily,no,Aeon Mall Nilai,Nilai,in_stock,4.3,yes,no
P0356,Comfort Contact Lens 356,Contact Lenses,Contact Lenses,Bausch & Lomb,187.2,Soft disposable contact lenses,,,,unisex,N/A,N/A,N/A,,single vision,moisture retention,daily,no,Lalaport Bukit Bintang,Kuala Lumpur,low_stock,4.3,no,yes
P0357,Comfort Contact Lens 357,Contact Lenses,Contact Lenses,Acuvue,86.13,Soft disposable contact lenses,,,,unisex,N/A,N/A,N/A,,single vision,hydrogel technology,daily,yes,Aeon Mall Nilai,Nilai,in_stock,4.2,no,yes
P0358,Comfort Contact Lens 358,Contact Lenses,Contact Lenses,Acuvue,159.94,Soft disposable contact lenses,,,,unisex,N/A,N/A,N/A,,single vision,moisture retention,monthly,no,Aeon Mall Nilai,Nilai,low_stock,4.0,yes,yes
P0359,Comfort Contact Lens 359,Contact Lenses,Contact Lenses,Acuvue,171.8,Soft disposable contact lenses,,,,unisex,N/A,N/A,N/A,,single vision,extended wear comfort,daily,no,Aeon Mall Nilai,Nilai,in_stock,4.3,no,no
P0360,Comfort Contact Lens 360,Contact Lenses,Contact Lenses,Bausch & Lomb,154.06,Soft disposable contact lenses,,,,unisex,N/A,N/A,N/A,,single vision,moisture retention,daily,no,Aeon Mall Nilai,Nilai,in_stock,4.8,yes,yes
P0361,Comfort Contact Lens 361,Contact Lenses,Contact Lenses,Bausch & Lomb,106.52,Soft disposable contact lenses,,,,unisex,N/A,N/A,N/A,,single vision,extended wear comfort,daily,yes,Lalaport Bukit Bintang,Kuala Lumpur,low_stock,4.6,no,no
P0362,Comfort Contact Lens 362,Contact Lenses,Contact Lenses,Acuvue,103.35,Soft disposable contact lenses,,,,unisex,N/A,N/A,N/A,,single vision,extended wear comfort,daily,no,Mitsui Outlet Park,Sepang,low_stock,4.5,no,no
P0363,Comfort Contact Lens 363,Contact Lenses,Contact Lenses,Bausch & Lomb,198.28,Soft disposable contact lenses,,,,unisex,N/A,N/A,N/A,,toric,moisture retention,monthly,no,Melawati Mall,Kuala Lumpur,low_stock,4.5,yes,no
P0364,Comfort Contact Lens 364,Contact Lenses,Contact Lenses,Bausch & Lomb,214.63,Soft disposable contact lenses,,,,unisex,N/A,N/A,N/A,,toric,hydrogel technology,monthly,no,Melawati Mall,Kuala Lumpur,in_stock,4.6,no,yes
P0365,Comfort Contact Lens 365,Contact Lenses,Contact Lenses,Bausch & Lomb,80.92,Soft disposable contact lenses,,,,unisex,N/A,N/A,N/A,,toric,moisture retention,daily,yes,Lalaport Bukit Bintang,Kuala Lumpur,low_stock,4.0,no,yes
P0366,Comfort Contact Lens 366,Contact Lenses,Contact Lenses,Acuvue,144.45,Soft disposable contact lenses,,,,unisex,N/A,N/A,N/A,,toric,UV blocking,daily,yes,Aeon Mall Nilai,Nilai,low_stock,4.3,yes,yes
P0367,Comfort Contact Lens 367,Contact Lenses,Contact Lenses,Bausch & Lomb,92.87,Soft disposable contact lenses,,,,unisex,N/A,N/A,N/A,,toric,extended wear comfort,monthly,yes,Melawati Mall,Kuala Lumpur,in_stock,4.6,no,yes
P0368,Comfort Contact Lens 368,Contact Lenses,Contact Lenses,Acuvue,163.33,Soft disposable contact lenses,,,,unisex,N/A,N/A,N/A,,single vision,oxygen permeable,monthly,yes,Mitsui Outlet Park,Sepang,low_stock,4.1,yes,no
P0369,Comfort Contact Lens 369,Contact Lenses,Contact Lenses,Bausch & Lomb,138.31,Soft disposable contact lenses,,,,unisex,N/A,N/A,N/A,,single vision,UV blocking,daily,yes,Melawati Mall,Kuala Lumpur,in_stock,4.5,no,yes
P0370,Comfort Contact Lens 370,Contact Lenses,Contact Lenses,Acuvue,124.7,Soft disposable contact lenses,,,,unisex,N/A,N/A,N/A,,single vision,moisture retention,daily,no,Melawati Mall,Kuala Lumpur,in_stock,4.1,no,no
P0371,Comfort Contact Lens 371,Contact Lenses,Contact Lenses,Acuvue,140.47,Soft disposable contact lenses,,,,unisex,N/A,N/A,N/A,,single vision,oxygen permeable,monthly,yes,Aeon Mall Nilai,Nilai,in_stock,4.3,no,yes
P0372,Comfort Contact Lens 372,Contact Lenses,Contact Lenses,Bausch & Lomb,91.91,Soft disposable contact lenses,,,,unisex,N/A,N/A,N/A,,toric,extended wear comfort,monthly,yes,Mitsui Outlet Park,Sepang,in_stock,4.4,yes,no
P0373,Comfort Contact Lens 373,Contact Lenses,Contact Lenses,Acuvue,158.56,Soft disposable contact lenses,,,,unisex,N/A,N/A,N/A,,single vision,hydrogel technology,daily,yes,Mitsui Outlet Park,Sepang,in_stock,4.2,no,no
P0374,Comfort Contact Lens 374,Contact Lenses,Contact Lenses,Acuvue,174.04,Soft disposable contact lenses,,,,unisex,N/A,N/A,N/A,,toric,moisture retention,monthly,no,Aeon Mall Nilai,Nilai,low_stock,4.2,no,yes
P0375,Comfort Contact Lens 375,Contact Lenses,Contact Lenses,Acuvue,218.27,Soft disposable contact lenses,,,,unisex,N/A,N/A,N/A,,multifocal,extended wear comfort,monthly,yes,Melawati Mall,Kuala Lumpur,low_stock,4.0,yes,yes
P0376,Comfort Contact Lens 376,Contact Lenses,Contact Lenses,Acuvue,186.08,Soft disposable contact lenses,,,,unisex,N/A,N/A,N/A,,single vision,moisture retention,daily,yes,Melawati Mall,Kuala Lumpur,in_stock,4.2,yes,no
P0377,Comfort Contact Lens 377,Contact Lenses,Contact Lenses,Bausch & Lomb,177.13,Soft disposable contact lenses,,,,unisex,N/A,N/A,N/A,,multifocal,hydrogel technology,daily,no,Aeon Mall Nilai,Nilai,low_stock,4.4,no,yes
P0378,Comfort Contact Lens 378,Contact Lenses,Contact Lenses,Acuvue,156.5,Soft disposable contact lenses,,,,unisex,N/A,N/A,N/A,,single vision,moisture retention,monthly,no,Lalaport Bukit Bintang,Kuala Lumpur,in_stock,4.6,yes,no
P0379,Comfort Contact Lens 379,Contact Lenses,Contact Lenses,Bausch & Lomb,103.84,Soft disposable contact lenses,,,,unisex,N/A,N/A,N/A,,multifocal,extended wear comfort,monthly,yes,Aeon Mall Nilai,Nilai,low_stock,4.0,yes,yes
P0380,Comfort Contact Lens 380,Contact Lenses,Contact Lenses,Bausch & Lomb,172.82,Soft disposable contact lenses,,,,unisex,N/A,N/A,N/A,,single vision,moisture retention,monthly,yes,Mitsui Outlet Park,Sepang,in_stock,4.2,no,yes
P0381,Comfort Contact Lens 381,Contact Lenses,Contact Lenses,Acuvue,206.54,Soft disposable contact lenses,,,,unisex,N/A,N/A,N/A,,single vision,extended wear comfort,monthly,yes,Mitsui Outlet Park,Sepang,in_stock,4.2,no,yes
P0382,Comfort Contact Lens 382,Contact Lenses,Contact Lenses,Acuvue,209.12,Soft disposable contact lenses,,,,unisex,N/A,N/A,N/A,,single vision,extended wear comfort,monthly,no,Aeon Mall Nilai,Nilai,low_stock,4.3,yes,yes
P0383,Comfort Contact Lens 383,Contact Lenses,Contact Lenses,Bausch & Lomb,129.75,Soft disposable contact lenses,,,,unisex,N/A,N/A,N/A,,single vision,moisture retention,monthly,yes,Melawati Mall,Kuala Lumpur,low_stock,4.6,no,no
P0384,Comfort Contact Lens 384,Contact Lenses,Contact Lenses,Bausch & Lomb,111.58,Soft disposable contact lenses,,,,unisex,N/A,N/A,N/A,,single vision,hydrogel technology,monthly,no,Aeon Mall Nilai,Nilai,in_stock,4.1,no,yes
P0385,Comfort Contact Lens 385,Contact Lenses,Contact Lenses,Acuvue,160.21,Soft disposable contact lenses,,,,unisex,N/A,N/A,N/A,,multifocal,moisture retention,monthly,no,Mitsui Outlet Park,Sepang,low_stock,4.4,yes,yes
P0386,Comfort Contact Lens 386,Contact Lenses,Contact Lenses,Acuvue,200.76,Soft disposable contact lenses,,,,unisex,N/A,N/A,N/A,,toric,extended wear comfort,monthly,yes,Lalaport Bukit Bintang,Kuala Lumpur,low_stock,4.8,yes,yes
P0387,Comfort Contact Lens 387,Contact Lenses,Contact Lenses,Acuvue,158.03,Soft disposable contact lenses,,,,unisex,N/A,N/A,N/A,,single vision,moisture retention,daily,yes,Melawati Mall,Kuala Lumpur,low_stock,4.7,yes,yes
P0388,Comfort Contact Lens 388,Contact Lenses,Contact Lenses,Bausch & Lomb,214.57,Soft disposable contact lenses,,,,unisex,N/A,N/A,N/A,,single vision,moisture retention,monthly,no,Melawati Mall,Kuala Lumpur,low_stock,4.1,yes,yes
P0389,Comfort Contact Lens 389,Contact Lenses,Contact Lenses,Acuvue,83.67,Soft disposable contact lenses,,,,unisex,N/A,N/A,N/A,,single vision,moisture retention,monthly,yes,Lalaport Bukit Bintang,Kuala Lumpur,in_stock,4.2,yes,no
P0390,Comfort Contact Lens 390,Contact Lenses,Contact Lenses,Bausch & Lomb,98.77,Soft disposable contact lenses,,,,unisex,N/A,N/A,N/A,,single vision,UV blocking,monthly,no,Aeon Mall Nilai,Nilai,in_stock,4.7,no,no
P0391,Comfort Contact Lens 391,Contact Lenses,Contact Lenses,Acuvue,107.06,Soft disposable contact lenses,,,,unisex,N/A,N/A,N/A,,multifocal,UV blocking,daily,no,Lalaport Bukit Bintang,Kuala Lumpur,in_stock,4.7,no,yes
P0392,Comfort Contact Lens 392,Contact Lenses,Contact Lenses,Acuvue,89.26,Soft disposable contact lenses,,,,unisex,N/A,N/A,N/A,,single vision,extended wear comfort,monthly,no,Lalaport Bukit Bintang,Kuala Lumpur,low_stock,4.7,yes,no
P0393,Comfort Contact Lens 393,Contact Lenses,Contact Lenses,Acuvue,165.11,Soft disposable contact lenses,,,,unisex,N/A,N/A,N/A,,single vision,extended wear comfort,monthly,no,Mitsui Outlet Park,Sepang,low_stock,4.5,yes,yes
P0394,Comfort Contact Lens 394,Contact Lenses,Contact Lenses,Bausch & Lomb,195.78,Soft disposable contact lenses,,,,unisex,N/A,N/A,N/A,,single vision,extended wear comfort,daily,yes,Mitsui Outlet Park,Sepang,low_stock,4.8,yes,no
P0395,Comfort Contact Lens 395,Contact Lenses,Contact Lenses,Acuvue,120.77,Soft disposable contact lenses,,,,unisex,N/A,N/A,N/A,,single vision,UV blocking,monthly,no,Aeon Mall Nilai,Nilai,low_stock,4.4,no,no
P0396,Comfort Contact Lens 396,Contact Lenses,Contact Lenses,Acuvue,144.9,Soft disposable contact lenses,,,,unisex,N/A,N/A,N/A,,single vision,moisture retention,monthly,yes,Aeon Mall Nilai,Nilai,in_stock,4.1,yes,no
P0397,Comfort Contact Lens 397,Contact Lenses,Contact Lenses,Bausch & Lomb,143.12,Soft disposable contact lenses,,,,unisex,N/A,N/A,N/A,,toric,UV blocking,daily,no,Mitsui Outlet Park,Sepang,in_stock,4.7,yes,no
P0398,Comfort Contact Lens 398,Contact Lenses,Contact Lenses,Acuvue,180.57,Soft disposable contact lenses,,,,unisex,N/A,N/A,N/A,,toric,oxygen permeable,daily,yes,Melawati Mall,Kuala Lumpur,in_stock,4.6,no,yes
P0399,Comfort Contact Lens 399,Contact Lenses,Contact Lenses,Acuvue,133.02,Soft disposable contact lenses,,,,unisex,N/A,N/A,N/A,,multifocal,oxygen permeable,monthly,yes,Mitsui Outlet Park,Sepang,in_stock,4.7,yes,yes
P0400,Comfort Contact Lens 400,Contact Lenses,Contact Lenses,Acuvue,187.68,Soft disposable contact lenses,,,,unisex,N/A,N/A,N/A,,toric,UV blocking,daily,no,Lalaport Bukit Bintang,Kuala Lumpur,low_stock,4.2,no,no
P0401,Comfort Contact Lens 401,Contact Lenses,Contact Lenses,Acuvue,205.8,Soft disposable contact lenses,,,,unisex,N/A,N/A,N/A,,single vision,extended wear comfort,daily,yes,Lalaport Bukit Bintang,Kuala Lumpur,low_stock,4.0,no,no
P0402,Comfort Contact Lens 402,Contact Lenses,Contact Lenses,Bausch & Lomb,113.3,Soft disposable contact lenses,,,,unisex,N/A,N/A,N/A,,toric,UV blocking,monthly,no,Aeon Mall Nilai,Nilai,low_stock,4.4,yes,yes
P0403,Comfort Contact Lens 403,Contact Lenses,Contact Lenses,Acuvue,86.85,Soft disposable contact lenses,,,,unisex,N/A,N/A,N/A,,multifocal,moisture retention,daily,yes,Melawati Mall,Kuala Lumpur,low_stock,4.0,yes,no
P0404,Comfort Contact Lens 404,Contact Lenses,Contact Lenses,Acuvue,86.86,Soft disposable contact lenses,,,,unisex,N/A,N/A,N/A,,toric,UV blocking,monthly,yes,Melawati Mall,Kuala Lumpur,in_stock,4.5,yes,no
P0405,Comfort Contact Lens 405,Contact Lenses,Contact Lenses,Acuvue,93.04,Soft disposable contact lenses,,,,unisex,N/A,N/A,N/A,,multifocal,moisture retention,monthly,no,Melawati Mall,Kuala Lumpur,low_stock,4.7,yes,no
P0406,Comfort Contact Lens 406,Contact Lenses,Contact Lenses,Bausch & Lomb,145.91,Soft disposable contact lenses,,,,unisex,N/A,N/A,N/A,,toric,extended wear comfort,daily,no,Aeon Mall Nilai,Nilai,low_stock,4.4,yes,yes
P0407,Comfort Contact Lens 407,Contact Lenses,Contact Lenses,Acuvue,159.99,Soft disposable contact lenses,,,,unisex,N/A,N/A,N/A,,multifocal,hydrogel technology,daily,no,Aeon Mall Nilai,Nilai,low_stock,4.3,no,no
P0408,Comfort Contact Lens 408,Contact Lenses,Contact Lenses,Acuvue,166.0,Soft disposable contact lenses,,,,unisex,N/A,N/A,N/A,,single vision,UV blocking,monthly,no,Melawati Mall,Kuala Lumpur,low_stock,4.6,yes,no
P0409,Comfort Contact Lens 409,Contact Lenses,Contact Lenses,Acuvue,96.55,Soft disposable contact lenses,,,,unisex,N/A,N/A,N/A,,toric,moisture retention,monthly,yes,Lalaport Bukit Bintang,Kuala Lumpur,in_stock,4.6,no,no
P0410,Comfort Contact Lens 410,Contact Lenses,Contact Lenses,Bausch & Lomb,128.95,Soft disposable contact lenses,,,,unisex,N/A,N/A,N/A,,single vision,extended wear comfort,daily,yes,Aeon Mall Nilai,Nilai,in_stock,4.6,no,yes
P0411,Comfort Contact Lens 411,Contact Lenses,Contact Lenses,Bausch & Lomb,150.94,Soft disposable contact lenses,,,,unisex,N/A,N/A,N/A,,single vision,hydrogel technology,monthly,yes,Melawati Mall,Kuala Lumpur,in_stock,4.5,no,no
P0412,Comfort Contact Lens 412,Contact Lenses,Contact Lenses,Acuvue,107.16,Soft disposable contact lenses,,,,unisex,N/A,N/A,N/A,,toric,extended wear comfort,monthly,no,Aeon Mall Nilai,Nilai,low_stock,4.6,yes,no
P0413,Comfort Contact Lens 413,Contact Lenses,Contact Lenses,Bausch & Lomb,204.89,Soft disposable contact lenses,,,,unisex,N/A,N/A,N/A,,multifocal,moisture retention,monthly,no,Lalaport Bukit Bintang,Kuala Lumpur,low_stock,4.7,yes,no
P0414,Comfort Contact Lens 414,Contact Lenses,Contact Lenses,Acuvue,109.16,Soft disposable contact lenses,,,,unisex,N/A,N/A,N/A,,multifocal,extended wear comfort,monthly,no,Melawati Mall,Kuala Lumpur,in_stock,4.8,no,yes
P0415,Comfort Contact Lens 415,Contact Lenses,Contact Lenses,Bausch & Lomb,167.71,Soft disposable contact lenses,,,,unisex,N/A,N/A,N/A,,single vision,moisture retention,daily,no,Melawati Mall,Kuala Lumpur,in_stock,4.5,no,no
P0416,Comfort Contact Lens 416,Contact Lenses,Contact Lenses,Bausch & Lomb,137.94,Soft disposable contact lenses,,,,unisex,N/A,N/A,N/A,,toric,hydrogel technology,monthly,yes,Aeon Mall Nilai,Nilai,low_stock,4.4,no,yes
P0417,Comfort Contact Lens 417,Contact Lenses,Contact Lenses,Acuvue,95.71,Soft disposable contact lenses,,,,unisex,N/A,N/A,N/A,,toric,moisture retention,daily,yes,Melawati Mall,Kuala Lumpur,in_stock,4.4,yes,no
P0418,Comfort Contact Lens 418,Contact Lenses,Contact Lenses,Acuvue,127.62,Soft disposable contact lenses,,,,unisex,N/A,N/A,N/A,,single vision,extended wear comfort,monthly,no,Lalaport Bukit Bintang,Kuala Lumpur,low_stock,4.1,yes,yes
P0419,Comfort Contact Lens 419,Contact Lenses,Contact Lenses,Acuvue,144.31,Soft disposable contact lenses,,,,unisex,N/A,N/A,N/A,,single vision,UV blocking,daily,yes,Lalaport Bukit Bintang,Kuala Lumpur,low_stock,4.7,yes,no
P0420,Comfort Contact Lens 420,Contact Lenses,Contact Lenses,Acuvue,94.43,Soft disposable contact lenses,,,,unisex,N/A,N/A,N/A,,single vision,moisture retention,monthly,yes,Mitsui Outlet Park,Sepang,low_stock,4.5,yes,no
P0421,Comfort Contact Lens 421,Contact Lenses,Contact Lenses,Acuvue,120.12,Soft disposable contact lenses,,,,unisex,N/A,N/A,N/A,,toric,oxygen permeable,monthly,no,Lalaport Bukit Bintang,Kuala Lumpur,in_stock,4.2,yes,no
P0422,Comfort Contact Lens 422,Contact Lenses,Contact Lenses,Acuvue,214.16,Soft disposable contact lenses,,,,unisex,N/A,N/A,N/A,,single vision,extended wear comfort,daily,yes,Aeon Mall Nilai,Nilai,low_stock,4.4,no,yes
P0423,Comfort Contact Lens 423,Contact Lenses,Contact Lenses,Acuvue,103.98,Soft disposable contact lenses,,,,unisex,N/A,N/A,N/A,,multifocal,moisture retention,monthly,no,Melawati Mall,Kuala Lumpur,low_stock,4.0,yes,no
P0424,Comfort Contact Lens 424,Contact Lenses,Contact Lenses,Acuvue,133.7,Soft disposable contact lenses,,,,unisex,N/A,N/A,N/A,,single vision,hydrogel technology,daily,no,Aeon Mall Nilai,Nilai,low_stock,4.1,no,no
P0425,Comfort Contact Lens 425,Contact Lenses,Contact Lenses,Bausch & Lomb,194.44,Soft disposable contact lenses,,,,unisex,N/A,N/A,N/A,,multifocal,oxygen permeable,daily,no,Melawati Mall,Kuala Lumpur,in_stock,4.1,no,yes
P0426,Comfort Contact Lens 426,Contact Lenses,Contact Lenses,Bausch & Lomb,175.83,Soft disposable contact lenses,,,,unisex,N/A,N/A,N/A,,single vision,moisture retention,monthly,no,Mitsui Outlet Park,Sepang,in_stock,4.8,yes,no
P0427,Comfort Contact Lens 427,Contact Lenses,Contact Lenses,Bausch & Lomb,105.67,Soft disposable contact lenses,,,,unisex,N/A,N/A,N/A,,toric,moisture retention,monthly,no,Melawati Mall,Kuala Lumpur,low_stock,4.4,yes,no
P0428,Comfort Contact Lens 428,Contact Lenses,Contact Lenses,Bausch & Lomb,147.01,Soft disposable contact lenses,,,,unisex,N/A,N/A,N/A,,single vision,moisture retention,daily,no,Aeon Mall Nilai,Nilai,low_stock,4.5,yes,yes
P0429,Comfort Contact Lens 429,Contact Lenses,Contact Lenses,Acuvue,125.62,Soft disposable contact lenses,,,,unisex,N/A,N/A,N/A,,single vision,extended wear comfort,daily,no,Mitsui Outlet Park,Sepang,low_stock,4.3,no,yes
P0430,Comfort Contact Lens 430,Contact Lenses,Contact Lenses,Acuvue,216.34,Soft disposable contact lenses,,,,unisex,N/A,N/A,N/A,,toric,moisture retention,monthly,yes,Lalaport Bukit Bintang,Kuala Lumpur,low_stock,4.2,no,no
P0431,Comfort Contact Lens 431,Contact Lenses,Contact Lenses,Acuvue,104.23,Soft disposable contact lenses,,,,unisex,N/A,N/A,N/A,,multifocal,UV blocking,daily,no,Melawati Mall,Kuala Lumpur,in_stock,4.5,no,no
P0432,Comfort Contact Lens 432,Contact Lenses,Contact Lenses,Bausch & Lomb,104.66,Soft disposable contact lenses,,,,unisex,N/A,N/A,N/A,,toric,hydrogel technology,monthly,yes,Aeon Mall Nilai,Nilai,in_stock,4.5,no,no
P0433,Comfort Contact Lens 433,Contact Lenses,Contact Lenses,Acuvue,92.67,Soft disposable contact lenses,,,,unisex,N/A,N/A,N/A,,single vision,hydrogel technology,daily,yes,Mitsui Outlet Park,Sepang,in_stock,4.5,no,no
P0434,Comfort Contact Lens 434,Contact Lenses,Contact Lenses,Bausch & Lomb,107.39,Soft disposable contact lenses,,,,unisex,N/A,N/A,N/A,,single vision,oxygen permeable,monthly,no,Mitsui Outlet Park,Sepang,low_stock,4.7,no,no
P0435,Comfort Contact Lens 435,Contact Lenses,Contact Lenses,Acuvue,165.61,Soft disposable contact lenses,,,,unisex,N/A,N/A,N/A,,single vision,hydrogel technology,monthly,yes,Aeon Mall Nilai,Nilai,low_stock,4.0,yes,yes
P0436,Comfort Contact Lens 436,Contact Lenses,Contact Lenses,Acuvue,200.57,Soft disposable contact lenses,,,,unisex,N/A,N/A,N/A,,single vision,extended wear comfort,daily,yes,Melawati Mall,Kuala Lumpur,low_stock,4.6,no,no
P0437,Comfort Contact Lens 437,Contact Lenses,Contact Lenses,Bausch & Lomb,133.42,Soft disposable contact lenses,,,,unisex,N/A,N/A,N/A,,toric,oxygen permeable,daily,yes,Mitsui Outlet Park,Sepang,low_stock,4.1,no,no
P0438,Comfort Contact Lens 438,Contact Lenses,Contact Lenses,Acuvue,120.39,Soft disposable contact lenses,,,,unisex,N/A,N/A,N/A,,toric,oxygen permeable,daily,yes,Mitsui Outlet Park,Sepang,in_stock,4.1,yes,yes
P0439,Comfort Contact Lens 439,Contact Lenses,Contact Lenses,Bausch & Lomb,216.5,Soft disposable contact lenses,,,,unisex,N/A,N/A,N/A,,toric,moisture retention,daily,yes,Mitsui Outlet Park,Sepang,in_stock,4.5,no,no
P0440,Comfort Contact Lens 440,Contact Lenses,Contact Lenses,Acuvue,143.62,Soft disposable contact lenses,,,,unisex,N/A,N/A,N/A,,multifocal,moisture retention,monthly,no,Mitsui Outlet Park,Sepang,low_stock,4.3,yes,no
P0441,Comfort Contact Lens 441,Contact Lenses,Contact Lenses,Bausch & Lomb,198.55,Soft disposable contact lenses,,,,unisex,N/A,N/A,N/A,,toric,UV blocking,daily,no,Aeon Mall Nilai,Nilai,low_stock,4.7,no,yes
P0442,Comfort Contact Lens 442,Contact Lenses,Contact Lenses,Bausch & Lomb,178.68,Soft disposable contact lenses,,,,unisex,N/A,N/A,N/A,,toric,extended wear comfort,daily,no,Aeon Mall Nilai,Nilai,in_stock,4.1,no,no
P0443,Comfort Contact Lens 443,Contact Lenses,Contact Lenses,Acuvue,114.33,Soft disposable contact lenses,,,,unisex,N/A,N/A,N/A,,single vision,moisture retention,daily,no,Aeon Mall Nilai,Nilai,in_stock,4.7,yes,no
P0444,Comfort Contact Lens 444,Contact Lenses,Contact Lenses,Bausch & Lomb,160.36,Soft disposable contact lenses,,,,unisex,N/A,N/A,N/A,,single vision,moisture retention,monthly,no,Mitsui Outlet Park,Sepang,low_stock,4.8,no,no
P0445,Comfort Contact Lens 445,Contact Lenses,Contact Lenses,Acuvue,177.31,Soft disposable contact lenses,,,,unisex,N/A,N/A,N/A,,toric,extended wear comfort,monthly,no,Lalaport Bukit Bintang,Kuala Lumpur,in_stock,4.5,yes,yes
P0446,Comfort Contact Lens 446,Contact Lenses,Contact Lenses,Acuvue,120.15,Soft disposable contact lenses,,,,unisex,N/A,N/A,N/A,,multifocal,moisture retention,daily,yes,Melawati Mall,Kuala Lumpur,in_stock,4.7,no,no
P0447,Comfort Contact Lens 447,Contact Lenses,Contact Lenses,Bausch & Lomb,118.53,Soft disposable contact lenses,,,,unisex,N/A,N/A,N/A,,single vision,UV blocking,monthly,yes,Lalaport Bukit Bintang,Kuala Lumpur,in_stock,4.5,yes,no
P0448,Comfort Contact Lens 448,Contact Lenses,Contact Lenses,Acuvue,116.58,Soft disposable contact lenses,,,,unisex,N/A,N/A,N/A,,single vision,oxygen permeable,daily,no,Melawati Mall,Kuala Lumpur,in_stock,4.6,yes,no
P0449,Comfort Contact Lens 449,Contact Lenses,Contact Lenses,Acuvue,163.38,Soft disposable contact lenses,,,,unisex,N/A,N/A,N/A,,toric,oxygen permeable,daily,no,Aeon Mall Nilai,Nilai,low_stock,4.6,yes,no
P0450,Comfort Contact Lens 450,Contact Lenses,Contact Lenses,Acuvue,160.89,Soft disposable contact lenses,,,,unisex,N/A,N/A,N/A,,single vision,UV blocking,monthly,yes,Lalaport Bukit Bintang,Kuala Lumpur,low_stock,4.6,yes,yes
P0451,Vision Lens Solution 451,Lens Solutions,Lens Solutions,Calisto Vision,289.2,Advanced vision lens solution,,,,unisex,N/A,N/A,N/A,,N/A,N/A,N/A,N/A,Lalaport Bukit Bintang,Kuala Lumpur,low_stock,4.7,yes,no
P0452,Vision Lens Solution 452,Lens Solutions,Lens Solutions,Calisto Vision,292.38,Advanced vision lens solution,,,,unisex,N/A,N/A,N/A,,N/A,N/A,N/A,N/A,Mitsui Outlet Park,Sepang,in_stock,4.3,no,no
P0453,Vision Lens Solution 453,Lens Solutions,Lens Solutions,Calisto Vision,438.53,Advanced vision lens solution,,,,unisex,N/A,N/A,N/A,,N/A,N/A,N/A,N/A,Melawati Mall,Kuala Lumpur,low_stock,4.9,no,no
P0454,Vision Lens Solution 454,Lens Solutions,Lens Solutions,Calisto Vision,231.1,Advanced vision lens solution,,,,unisex,N/A,N/A,N/A,,N/A,N/A,N/A,N/A,Melawati Mall,Kuala Lumpur,low_stock,4.5,yes,yes
P0455,Vision Lens Solution 455,Lens Solutions,Lens Solutions,Calisto Vision,353.32,Advanced vision lens solution,,,,unisex,N/A,N/A,N/A,,N/A,N/A,N/A,N/A,Melawati Mall,Kuala Lumpur,in_stock,4.6,yes,yes
P0456,Vision Lens Solution 456,Lens Solutions,Lens Solutions,Calisto Vision,179.31,Advanced vision lens solution,,,,unisex,N/A,N/A,N/A,,N/A,N/A,N/A,N/A,Mitsui Outlet Park,Sepang,low_stock,4.3,no,no
P0457,Vision Lens Solution 457,Lens Solutions,Lens Solutions,Calisto Vision,160.21,Advanced vision lens solution,,,,unisex,N/A,N/A,N/A,,N/A,N/A,N/A,N/A,Lalaport Bukit Bintang,Kuala Lumpur,in_stock,4.9,yes,yes
P0458,Vision Lens Solution 458,Lens Solutions,Lens Solutions,Calisto Vision,406.93,Advanced vision lens solution,,,,unisex,N/A,N/A,N/A,,N/A,N/A,N/A,N/A,Aeon Mall Nilai,Nilai,in_stock,4.8,yes,no
P0459,Vision Lens Solution 459,Lens Solutions,Lens Solutions,Calisto Vision,290.09,Advanced vision lens solution,,,,unisex,N/A,N/A,N/A,,N/A,N/A,N/A,N/A,Melawati Mall,Kuala Lumpur,low_stock,4.7,no,no
P0460,Vision Lens Solution 460,Lens Solutions,Lens Solutions,Calisto Vision,384.22,Advanced vision lens solution,,,,unisex,N/A,N/A,N/A,,N/A,N/A,N/A,N/A,Lalaport Bukit Bintang,Kuala Lumpur,low_stock,4.4,yes,no
P0461,Vision Lens Solution 461,Lens Solutions,Lens Solutions,Calisto Vision,203.38,Advanced vision lens solution,,,,unisex,N/A,N/A,N/A,,N/A,N/A,N/A,N/A,Melawati Mall,Kuala Lumpur,in_stock,4.6,yes,no
P0462,Vision Lens Solution 462,Lens Solutions,Lens Solutions,Calisto Vision,193.16,Advanced vision lens solution,,,,unisex,N/A,N/A,N/A,,N/A,N/A,N/A,N/A,Aeon Mall Nilai,Nilai,in_stock,4.8,no,yes
P0463,Vision Lens Solution 463,Lens Solutions,Lens Solutions,Calisto Vision,171.88,Advanced vision lens solution,,,,unisex,N/A,N/A,N/A,,N/A,N/A,N/A,N/A,Aeon Mall Nilai,Nilai,in_stock,4.8,yes,yes
P0464,Vision Lens Solution 464,Lens Solutions,Lens Solutions,Calisto Vision,349.38,Advanced vision lens solution,,,,unisex,N/A,N/A,N/A,,N/A,N/A,N/A,N/A,Aeon Mall Nilai,Nilai,low_stock,4.8,yes,no
P0465,Vision Lens Solution 465,Lens Solutions,Lens Solutions,Calisto Vision,280.82,Advanced vision lens solution,,,,unisex,N/A,N/A,N/A,,N/A,N/A,N/A,N/A,Mitsui Outlet Park,Sepang,in_stock,4.4,no,yes
P0466,Vision Lens Solution 466,Lens Solutions,Lens Solutions,Calisto Vision,250.03,Advanced vision lens solution,,,,unisex,N/A,N/A,N/A,,N/A,N/A,N/A,N/A,Melawati Mall,Kuala Lumpur,in_stock,4.6,yes,no
P0467,Vision Lens Solution 467,Lens Solutions,Lens Solutions,Calisto Vision,174.14,Advanced vision lens solution,,,,unisex,N/A,N/A,N/A,,N/A,N/A,N/A,N/A,Melawati Mall,Kuala Lumpur,in_stock,4.2,yes,no
P0468,Vision Lens Solution 468,Lens Solutions,Lens Solutions,Calisto Vision,239.66,Advanced vision lens solution,,,,unisex,N/A,N/A,N/A,,N/A,N/A,N/A,N/A,Lalaport Bukit Bintang,Kuala Lumpur,low_stock,4.5,no,yes
P0469,Vision Lens Solution 469,Lens Solutions,Lens Solutions,Calisto Vision,160.71,Advanced vision lens solution,,,,unisex,N/A,N/A,N/A,,N/A,N/A,N/A,N/A,Lalaport Bukit Bintang,Kuala Lumpur,low_stock,4.4,no,no
P0470,Vision Lens Solution 470,Lens Solutions,Lens Solutions,Calisto Vision,439.97,Advanced vision lens solution,,,,unisex,N/A,N/A,N/A,,N/A,N/A,N/A,N/A,Mitsui Outlet Park,Sepang,low_stock,4.1,yes,no
P0471,Vision Lens Solution 471,Lens Solutions,Lens Solutions,Calisto Vision,213.5,Advanced vision lens solution,,,,unisex,N/A,N/A,N/A,,N/A,N/A,N/A,N/A,Aeon Mall Nilai,Nilai,in_stock,4.8,yes,yes
P0472,Vision Lens Solution 472,Lens Solutions,Lens Solutions,Calisto Vision,346.15,Advanced vision lens solution,,,,unisex,N/A,N/A,N/A,,N/A,N/A,N/A,N/A,Mitsui Outlet Park,Sepang,in_stock,4.7,yes,yes
P0473,Vision Lens Solution 473,Lens Solutions,Lens Solutions,Calisto Vision,339.8,Advanced vision lens solution,,,,unisex,N/A,N/A,N/A,,N/A,N/A,N/A,N/A,Lalaport Bukit Bintang,Kuala Lumpur,low_stock,4.6,yes,yes
P0474,Vision Lens Solution 474,Lens Solutions,Lens Solutions,Calisto Vision,299.14,Advanced vision lens solution,,,,unisex,N/A,N/A,N/A,,N/A,N/A,N/A,N/A,Aeon Mall Nilai,Nilai,in_stock,4.4,no,no
P0475,Vision Lens Solution 475,Lens Solutions,Lens Solutions,Calisto Vision,442.76,Advanced vision lens solution,,,,unisex,N/A,N/A,N/A,,N/A,N/A,N/A,N/A,Aeon Mall Nilai,Nilai,in_stock,4.7,yes,no
P0476,Vision Lens Solution 476,Lens Solutions,Lens Solutions,Calisto Vision,186.22,Advanced vision lens solution,,,,unisex,N/A,N/A,N/A,,N/A,N/A,N/A,N/A,Aeon Mall Nilai,Nilai,in_stock,4.7,yes,no
P0477,Vision Lens Solution 477,Lens Solutions,Lens Solutions,Calisto Vision,427.7,Advanced vision lens solution,,,,unisex,N/A,N/A,N/A,,N/A,N/A,N/A,N/A,Lalaport Bukit Bintang,Kuala Lumpur,in_stock,4.7,no,yes
P0478,Vision Lens Solution 478,Lens Solutions,Lens Solutions,Calisto Vision,413.89,Advanced vision lens solution,,,,unisex,N/A,N/A,N/A,,N/A,N/A,N/A,N/A,Aeon Mall Nilai,Nilai,in_stock,4.2,yes,no
P0479,Vision Lens Solution 479,Lens Solutions,Lens Solutions,Calisto Vision,358.05,Advanced vision lens solution,,,,unisex,N/A,N/A,N/A,,N/A,N/A,N/A,N/A,Mitsui Outlet Park,Sepang,in_stock,4.2,no,no
P0480,Vision Lens Solution 480,Lens Solutions,Lens Solutions,Calisto Vision,221.78,Advanced vision lens solution,,,,unisex,N/A,N/A,N/A,,N/A,N/A,N/A,N/A,Mitsui Outlet Park,Sepang,in_stock,4.7,yes,no
P0481,Vision Lens Solution 481,Lens Solutions,Lens Solutions,Calisto Vision,275.64,Advanced vision lens solution,,,,unisex,N/A,N/A,N/A,,N/A,N/A,N/A,N/A,Melawati Mall,Kuala Lumpur,in_stock,4.9,yes,no
P0482,Vision Lens Solution 482,Lens Solutions,Lens Solutions,Calisto Vision,289.26,Advanced vision lens solution,,,,unisex,N/A,N/A,N/A,,N/A,N/A,N/A,N/A,Lalaport Bukit Bintang,Kuala Lumpur,in_stock,4.3,yes,no
P0483,Vision Lens Solution 483,Lens Solutions,Lens Solutions,Calisto Vision,202.9,Advanced vision lens solution,,,,unisex,N/A,N/A,N/A,,N/A,N/A,N/A,N/A,Mitsui Outlet Park,Sepang,low_stock,4.3,no,no
P0484,Vision Lens Solution 484,Lens Solutions,Lens Solutions,Calisto Vision,335.05,Advanced vision lens solution,,,,unisex,N/A,N/A,N/A,,N/A,N/A,N/A,N/A,Melawati Mall,Kuala Lumpur,in_stock,4.7,yes,yes
P0485,Vision Lens Solution 485,Lens Solutions,Lens Solutions,Calisto Vision,295.52,Advanced vision lens solution,,,,unisex,N/A,N/A,N/A,,N/A,N/A,N/A,N/A,Aeon Mall Nilai,Nilai,in_stock,4.7,no,no
P0486,Vision Lens Solution 486,Lens Solutions,Lens Solutions,Calisto Vision,374.13,Advanced vision lens solution,,,,unisex,N/A,N/A,N/A,,N/A,N/A,N/A,N/A,Lalaport Bukit Bintang,Kuala Lumpur,in_stock,4.4,yes,yes
P0487,Vision Lens Solution 487,Lens Solutions,Lens Solutions,Calisto Vision,410.97,Advanced vision lens solution,,,,unisex,N/A,N/A,N/A,,N/A,N/A,N/A,N/A,Mitsui Outlet Park,Sepang,in_stock,4.5,no,yes
P0488,Vision Lens Solution 488,Lens Solutions,Lens Solutions,Calisto Vision,193.48,Advanced vision lens solution,,,,unisex,N/A,N/A,N/A,,N/A,N/A,N/A,N/A,Mitsui Outlet Park,Sepang,low_stock,4.4,no,yes
P0489,Vision Lens Solution 489,Lens Solutions,Lens Solutions,Calisto Vision,442.67,Advanced vision lens solution,,,,unisex,N/A,N/A,N/A,,N/A,N/A,N/A,N/A,Melawati Mall,Kuala Lumpur,in_stock,4.1,yes,no
P0490,Vision Lens Solution 490,Lens Solutions,Lens Solutions,Calisto Vision,183.33,Advanced vision lens solution,,,,unisex,N/A,N/A,N/A,,N/A,N/A,N/A,N/A,Lalaport Bukit Bintang,Kuala Lumpur,low_stock,4.2,no,yes
P0491,Vision Lens Solution 491,Lens Solutions,Lens Solutions,Calisto Vision,331.09,Advanced vision lens solution,,,,unisex,N/A,N/A,N/A,,N/A,N/A,N/A,N/A,Melawati Mall,Kuala Lumpur,in_stock,4.4,no,yes
P0492,Vision Lens Solution 492,Lens Solutions,Lens Solutions,Calisto Vision,401.1,Advanced vision lens solution,,,,unisex,N/A,N/A,N/A,,N/A,N/A,N/A,N/A,Mitsui Outlet Park,Sepang,low_stock,4.7,yes,yes
P0493,Vision Lens Solution 493,Lens Solutions,Lens Solutions,Calisto Vision,280.27,Advanced vision lens solution,,,,unisex,N/A,N/A,N/A,,N/A,N/A,N/A,N/A,Melawati Mall,Kuala Lumpur,in_stock,4.4,yes,yes
P0494,Vision Lens Solution 494,Lens Solutions,Lens Solutions,Calisto Vision,370.04,Advanced vision lens solution,,,,unisex,N/A,N/A,N/A,,N/A,N/A,N/A,N/A,Mitsui Outlet Park,Sepang,low_stock,4.5,yes,no
P0495,Vision Lens Solution 495,Lens Solutions,Lens Solutions,Calisto Vision,222.15,Advanced vision lens solution,,,,unisex,N/A,N/A,N/A,,N/A,N/A,N/A,N/A,Mitsui Outlet Park,Sepang,in_stock,4.2,no,yes
P0496,Vision Lens Solution 496,Lens Solutions,Lens Solutions,Calisto Vision,154.78,Advanced vision lens solution,,,,unisex,N/A,N/A,N/A,,N/A,N/A,N/A,N/A,Aeon Mall Nilai,Nilai,low_stock,4.8,yes,no
P0497,Vision Lens Solution 497,Lens Solutions,Lens Solutions,Calisto Vision,381.55,Advanced vision lens solution,,,,unisex,N/A,N/A,N/A,,N/A,N/A,N/A,N/A,Mitsui Outlet Park,Sepang,low_stock,4.6,yes,yes
P0498,Vision Lens Solution 498,Lens Solutions,Lens Solutions,Calisto Vision,418.03,Advanced vision lens solution,,,,unisex,N/A,N/A,N/A,,N/A,N/A,N/A,N/A,Mitsui Outlet Park,Sepang,low_stock,4.4,no,yes
P0499,Vision Lens Solution 499,Lens Solutions,Lens Solutions,Calisto Vision,336.14,Advanced vision lens solution,,,,unisex,N/A,N/A,N/A,,N/A,N/A,N/A,N/A,Aeon Mall Nilai,Nilai,low_stock,4.8,yes,no
P0500,Vision Lens Solution 500,Lens Solutions,Lens Solutions,Calisto Vision,289.61,Advanced vision lens solution,,,,unisex,N/A,N/A,N/A,,N/A,N/A,N/A,N/A,Melawati Mall,Kuala Lumpur,low_stock,4.2,yes,yes
